,Chris,Rocky
"<android.app.UiAutomation: void revokeRuntimePermission(String,String)>",NEITHER,NEITHER
<android.graphics.ImageDecoder: void finalize()>,NEITHER,NEITHER
<android.text.style.TextAppearanceSpan: String getFontFeatureSettings()>,NEITHER,NEITHER
<android.location.LocationManager: boolean isLocationEnabled()>,SOURCE,SOURCE
<android.media.MediaFormat: Set getKeys()>,SOURCE,NEITHER
<android.content.pm.PackageManager: boolean isPackageSuspended(String)>,NEITHER,NEITHER
<android.telephony.emergency.EmergencyNumber: boolean isFromSources(int)>,NEITHER,SOURCE
<android.icu.text.BreakIterator: void setText(CharSequence)>,NEITHER,NEITHER
<android.graphics.text.LineBreaker.ParagraphConstraints: float getFirstWidth()>,NEITHER,NEITHER
<android.widget.Magnifier: int getSourceWidth()>,NEITHER,NEITHER
<android.app.slice.SliceManager: List getPinnedSlices()>,NEITHER,NEITHER
"<android.app.AppOpsManager: void startWatchingMode(String,String,int,AppOpsManager.OnOpChangedListener)>",NEITHER,NEITHER
<android.system.StructTimeval: long toMillis()>,NEITHER,NEITHER
<android.view.ViewGroup: int getChildDrawingOrder(int)>,NEITHER,NEITHER
"<android.app.admin.DevicePolicyManager: boolean setTime(ComponentName,long)>",NEITHER,NEITHER
<android.telephony.TelephonyManager: CharSequence getSimCarrierIdName()>,SOURCE,SOURCE
<android.text.PrecomputedText.Params: boolean equals(Object)>,NEITHER,NEITHER
"<android.graphics.drawable.ColorStateListDrawable: void unscheduleDrawable(Drawable,Runnable)>",NEITHER,NEITHER
<android.view.ViewTreeObserver: boolean unregisterFrameCommitCallback(Runnable)>,NEITHER,NEITHER
<android.view.contentcapture.ContentCaptureSession: void setContentCaptureContext(ContentCaptureContext)>,NEITHER,NEITHER
<android.net.wifi.rtt.RangingResult: int getStatus()>,SOURCE,SOURCE
<android.graphics.RenderNode: float getPivotX()>,NEITHER,NEITHER
<android.bluetooth.BluetoothHearingAid: int getConnectionState(BluetoothDevice)>,SOURCE,SOURCE
"<android.media.Session2Command: void writeToParcel(Parcel,int)>",NEITHER,NEITHER
"<android.service.autofill.CustomDescription.Builder: CustomDescription.Builder addChild(int,Transformation)>",NEITHER,NEITHER
<android.media.MediaDrm: void clearOnSessionLostStateListener()>,NEITHER,NEITHER
<android.content.pm.PackageInstaller.SessionParams: void setMultiPackage()>,NEITHER,NEITHER
<android.app.WallpaperInfo: boolean supportsMultipleDisplays()>,NEITHER,NEITHER
<android.app.slice.Slice.Builder: Slice build()>,NEITHER,NEITHER
<android.media.MicrophoneInfo: String getDescription()>,SOURCE,SOURCE
"<android.media.AudioTrack: void setOffloadDelayPadding(int,int)>",NEITHER,NEITHER
<android.hardware.camera2.params.RecommendedStreamConfigurationMap: Set getInputFormats()>,SOURCE,SOURCE
<android.content.pm.PackageInstaller.SessionInfo: int getParentSessionId()>,NEITHER,NEITHER
<android.telephony.ServiceState: int getCdmaNetworkId()>,SOURCE,SOURCE
<android.icu.text.CaseMap: CaseMap.Upper toUpper()>,NEITHER,NEITHER
<android.bluetooth.BluetoothHidDevice: boolean connect(BluetoothDevice)>,NEITHER,NEITHER
<android.se.omapi.Channel: boolean isOpen()>,NEITHER,NEITHER
<android.net.wifi.WifiNetworkSuggestion.Builder: WifiNetworkSuggestion.Builder setIsEnhancedOpen(boolean)>,NEITHER,SOURCE
"<android.app.admin.DeviceAdminReceiver: void onUserStopped(Context,Intent,UserHandle)>",SINK,NEITHER
"<android.webkit.TracingController: boolean stop(OutputStream,Executor)>",SINK,NEITHER
<android.view.contentcapture.ContentCaptureContext: Bundle getExtras()>,NEITHER,NEITHER
<android.widget.Switch: BlendMode getTrackTintBlendMode()>,NEITHER,NEITHER
<android.text.PrecomputedText.Params: TextDirectionHeuristic getTextDirection()>,NEITHER,NEITHER
<android.hardware.camera2.params.SessionConfiguration: int describeContents()>,NEITHER,NEITHER
<android.service.wallpaper.WallpaperService.Engine: void notifyColorsChanged()>,NEITHER,NEITHER
<android.graphics.Paint: float getShadowLayerDy()>,NEITHER,NEITHER
<android.media.audiofx.DynamicsProcessing.MbcBand: String toString()>,NEITHER,NEITHER
<android.database.sqlite.SQLiteQueryBuilder: SQLiteDatabase.CursorFactory getCursorFactory()>,SOURCE,NEITHER
<android.service.notification.NotificationListenerService.Ranking: int getUserSentiment()>,SOURCE,SOURCE
<android.service.notification.ZenPolicy.Builder: ZenPolicy.Builder allowEvents(boolean)>,NEITHER,NEITHER
<android.telephony.SubscriptionPlan.Builder: SubscriptionPlan.Builder setTitle(CharSequence)>,NEITHER,NEITHER
<android.icu.text.Transliterator: String transliterate(String)>,NEITHER,NEITHER
<android.telephony.euicc.EuiccManager: EuiccManager createForCardId(int)>,NEITHER,SOURCE
<android.telephony.CellIdentityNr: String getMncString()>,SOURCE,SOURCE
"<android.telecom.TelecomManager: void acceptHandover(Uri,int,PhoneAccountHandle)>",NEITHER,NEITHER
<android.content.pm.PackageInstaller.SessionInfo: Uri getReferrerUri()>,SOURCE,SOURCE
<android.text.PrecomputedText: String toString()>,NEITHER,NEITHER
<android.icu.text.Bidi: boolean isInverse()>,NEITHER,NEITHER
<android.view.textclassifier.TextLanguage: String toString()>,NEITHER,NEITHER
<android.graphics.drawable.AnimatedImageDrawable: void setColorFilter(ColorFilter)>,NEITHER,NEITHER
<android.app.Notification.BubbleMetadata.Builder: Notification.BubbleMetadata.Builder setSuppressNotification(boolean)>,NEITHER,NEITHER
"<android.widget.RemoteViews.RemoteResponse: RemoteViews.RemoteResponse addSharedElement(int,String)>",NEITHER,NEITHER
<android.graphics.RecordingCanvas: int getMaximumBitmapHeight()>,NEITHER,NEITHER
<android.graphics.fonts.Font: String toString()>,NEITHER,NEITHER
<android.net.MacAddress: byte toByteArray()>,SOURCE,SOURCE
"<android.telephony.TelephonyManager.CellInfoCallback: void onError(int,Throwable)>",NEITHER,NEITHER
"<android.telephony.PhoneNumberUtils: String calledPartyBCDFragmentToString(byte,int,int,int)>",NEITHER,NEITHER
<android.media.AudioTrack: int getOffloadPadding()>,NEITHER,NEITHER
<android.view.WindowInsets: Insets getSystemWindowInsets()>,NEITHER,NEITHER
<android.service.autofill.UserData.Builder: UserData build()>,SOURCE,SOURCE
<android.widget.AbsListView: void setEdgeEffectColor(int)>,NEITHER,NEITHER
<android.media.session.MediaController.PlaybackInfo: int describeContents()>,NEITHER,SOURCE
<android.view.textclassifier.TextLinks.Request.Builder: TextLinks.Request.Builder setEntityConfig(TextClassifier.EntityConfig)>,NEITHER,NEITHER
<android.view.textclassifier.ConversationActions.Request.Builder: ConversationActions.Request.Builder setHints(List)>,NEITHER,NEITHER
"<android.telephony.SubscriptionPlan.Builder: SubscriptionPlan.Builder setDataUsage(long,long)>",NEITHER,NEITHER
<android.net.wifi.WifiNetworkSpecifier.Builder: WifiNetworkSpecifier.Builder setIsHiddenSsid(boolean)>,NEITHER,NEITHER
<android.media.Session2Token: int getType()>,SOURCE,NEITHER
"<android.icu.text.CaseMap.Lower: A apply(Locale,CharSequence,A,Edits)>",NEITHER,NEITHER
<android.view.autofill.AutofillManager: ComponentName getAutofillServiceComponentName()>,NEITHER,NEITHER
<android.security.ConfirmationCallback: void onError(Throwable)>,NEITHER,NEITHER
"<android.view.textclassifier.TextClassification: void writeToParcel(Parcel,int)>",NEITHER,NEITHER
"<android.app.admin.DevicePolicyManager: int startUserInBackground(ComponentName,UserHandle)>",NEITHER,NEITHER
<android.app.Person: Icon getIcon()>,NEITHER,NEITHER
"<android.opengl.EGL15: boolean eglGetSyncAttrib(EGLDisplay,EGLSync,int,long,int)>",NEITHER,NEITHER
<android.media.Image: HardwareBuffer getHardwareBuffer()>,NEITHER,NEITHER
<android.hardware.camera2.params.RecommendedStreamConfigurationMap: boolean isOutputSupportedFor(int)>,NEITHER,NEITHER
<android.view.contentcapture.ContentCaptureCondition: int hashCode()>,NEITHER,NEITHER
<android.hardware.camera2.CameraDevice: boolean isSessionConfigurationSupported(SessionConfiguration)>,NEITHER,NEITHER
<android.net.wifi.WifiNetworkSpecifier.Builder: WifiNetworkSpecifier.Builder setBssid(MacAddress)>,NEITHER,SOURCE
<android.telecom.Connection: void onStopRtt()>,NEITHER,NEITHER
<android.telephony.ServiceState: int getCellBandwidths()>,SOURCE,SOURCE
"<android.app.slice.Slice.Builder: Slice.Builder addBundle(Bundle,String,List)>",NEITHER,NEITHER
<android.view.View: void setAutofillId(AutofillId)>,NEITHER,NEITHER
"<android.media.MediaFormat: Number getNumber(String,Number)>",SOURCE,NEITHER
<android.hardware.camera2.params.RecommendedStreamConfigurationMap: Set getInputSizes(int)>,NEITHER,NEITHER
<android.telephony.data.ApnSetting: boolean isEnabled()>,NEITHER,NEITHER
"<android.icu.text.Bidi: void setPara(char,byte,byte)>",NEITHER,NEITHER
<android.media.MediaCodecInfo: boolean isVendor()>,NEITHER,NEITHER
<android.graphics.fonts.Font.Builder: Font.Builder setFontVariationSettings(String)>,NEITHER,NEITHER
<android.graphics.drawable.AnimatedImageDrawable: void registerAnimationCallback(Animatable2.AnimationCallback)>,NEITHER,NEITHER
<android.view.contentcapture.ContentCaptureContext.Builder: ContentCaptureContext build()>,NEITHER,NEITHER
<android.service.notification.NotificationListenerService: void clearRequestedListenerHints()>,NEITHER,NEITHER
<android.database.sqlite.SQLiteDatabase.OpenParams.Builder: SQLiteDatabase.OpenParams.Builder setIdleConnectionTimeout(long)>,NEITHER,NEITHER
"<android.net.wifi.p2p.WifiP2pManager: void requestDiscoveryState(WifiP2pManager.Channel,WifiP2pManager.DiscoveryStateListener)>",SOURCE,NEITHER
<android.graphics.ImageDecoder: void close()>,NEITHER,NEITHER
<android.telephony.AvailableNetworkInfo: int getPriority()>,SOURCE,SOURCE
<android.os.Build.Partition: String getName()>,NEITHER,SOURCE
<android.view.contentcapture.ContentCaptureSessionId: String toString()>,SOURCE,NEITHER
<android.app.Notification.BubbleMetadata: int getDesiredHeight()>,NEITHER,NEITHER
"<android.app.admin.DevicePolicyManager: void setDefaultSmsApplication(ComponentName,String)>",NEITHER,SOURCE
<android.widget.ProgressBar: void setMinHeight(int)>,NEITHER,NEITHER
<android.net.wifi.rtt.ResponderLocation: int describeContents()>,SOURCE,NEITHER
"<android.media.MediaMetadataRetriever: Bitmap getScaledFrameAtTime(long,int,int,int)>",SOURCE,NEITHER
"<android.telephony.euicc.EuiccManager: void downloadSubscription(DownloadableSubscription,boolean,PendingIntent)>",SOURCE,NEITHER
<android.telephony.data.ApnSetting.Builder: ApnSetting.Builder setApnName(String)>,NEITHER,NEITHER
<android.telephony.AvailableNetworkInfo: String toString()>,SOURCE,SOURCE
<android.bluetooth.le.ScanFilter: ParcelUuid getServiceSolicitationUuidMask()>,NEITHER,SOURCE
<android.view.textclassifier.TextClassification.Request.Builder: TextClassification.Request.Builder setDefaultLocales(LocaleList)>,NEITHER,NEITHER
<android.service.autofill.FillResponse.Builder: FillResponse.Builder setUserData(UserData)>,SINK,NEITHER
<android.widget.TextView: void setLastBaselineToBottomHeight(int)>,NEITHER,NEITHER
"<android.media.audiofx.DynamicsProcessing.Config: void setChannelTo(int,DynamicsProcessing.Channel)>",NEITHER,NEITHER
<android.telephony.CellIdentity: int hashCode()>,NEITHER,NEITHER
<android.location.Location: double getElapsedRealtimeUncertaintyNanos()>,NEITHER,NEITHER
<android.security.keystore.WrappedKeyEntry: String getWrappingKeyAlias()>,NEITHER,NEITHER
<android.media.AudioManager: int getStreamMinVolume(int)>,NEITHER,NEITHER
<android.graphics.fonts.Font: ByteBuffer getBuffer()>,NEITHER,NEITHER
"<android.telephony.SubscriptionPlan: void writeToParcel(Parcel,int)>",NEITHER,NEITHER
<android.view.DisplayCutout: int hashCode()>,NEITHER,NEITHER
<android.service.autofill.TextValueSanitizer: int describeContents()>,NEITHER,NEITHER
<android.app.NotificationManager: void setNotificationDelegate(String)>,NEITHER,NEITHER
<android.telephony.mbms.FileServiceInfo: int describeContents()>,SOURCE,NEITHER
<android.telephony.CellInfoTdscdma: int describeContents()>,SOURCE,NEITHER
<android.telephony.data.ApnSetting.Builder: ApnSetting.Builder setMmsc(Uri)>,NEITHER,SOURCE
<android.content.pm.PackageInstaller.Session: int getParentSessionId()>,NEITHER,NEITHER
<android.telephony.TelephonyManager: CharSequence getSimSpecificCarrierIdName()>,SOURCE,SOURCE
<android.provider.MediaStore: Uri setRequireOriginal(Uri)>,NEITHER,NEITHER
<android.icu.text.Bidi: boolean baseIsLeftToRight()>,NEITHER,NEITHER
"<android.se.omapi.Session: Channel openLogicalChannel(byte,byte)>",NEITHER,NEITHER
<android.app.Notification.BubbleMetadata.Builder: Notification.BubbleMetadata.Builder setDesiredHeight(int)>,NEITHER,NEITHER
<android.widget.PopupWindow: void setEpicenterBounds(Rect)>,NEITHER,NEITHER
"<android.view.WindowInsets: WindowInsets inset(int,int,int,int)>",NEITHER,NEITHER
<android.media.audiofx.DynamicsProcessing.Limiter: float getPostGain()>,NEITHER,NEITHER
<android.text.PrecomputedText: int getSpanStart(Object)>,NEITHER,NEITHER
<android.graphics.drawable.ColorStateListDrawable: int getAlpha()>,NEITHER,NEITHER
<android.view.textclassifier.TextClassification: String getId()>,NEITHER,NEITHER
"<android.graphics.Canvas: void drawDoubleRoundRect(RectF,float,float,RectF,float,float,Paint)>",NEITHER,NEITHER
<android.util.ArrayMap: int indexOfValue(Object)>,NEITHER,NEITHER
<android.icu.util.LocaleData: LocaleData.PaperSize getPaperSize(ULocale)>,NEITHER,NEITHER
<android.webkit.TracingConfig: int getPredefinedCategories()>,NEITHER,NEITHER
"<android.net.ssl.SSLEngines: void setUseSessionTickets(SSLEngine,boolean)>",NEITHER,NEITHER
<android.app.Notification.BubbleMetadata.Builder: Notification.BubbleMetadata.Builder setAutoExpandBubble(boolean)>,NEITHER,NEITHER
<android.accessibilityservice.AccessibilityServiceInfo: void setInteractiveUiTimeoutMillis(int)>,NEITHER,NEITHER
"<android.graphics.text.MeasuredText.Builder: MeasuredText.Builder appendStyleRun(Paint,int,boolean)>",NEITHER,NEITHER
<android.telephony.SubscriptionManager: boolean canManageSubscription(SubscriptionInfo)>,NEITHER,NEITHER
<android.service.wallpaper.WallpaperService.Engine: WallpaperColors onComputeColors()>,NEITHER,NEITHER
"<android.app.UiAutomation: void grantRuntimePermission(String,String)>",NEITHER,NEITHER
<android.telephony.mbms.DownloadRequest.Builder: DownloadRequest.Builder setAppIntent()>,SINK,NEITHER
<android.webkit.WebView: void disableWebView()>,NEITHER,NEITHER
"<android.app.AppComponentFactory: ClassLoader instantiateClassLoader(ClassLoader,ApplicationInfo)>",NEITHER,NEITHER
<android.text.style.LineHeightSpan.Standard: int getSpanTypeId()>,NEITHER,NEITHER
<android.telephony.data.ApnSetting.Builder: ApnSetting.Builder setApnTypeBitmask(int)>,NEITHER,NEITHER
<android.app.job.JobInfo.Builder: JobInfo.Builder setRequiredNetwork(NetworkRequest)>,NEITHER,NEITHER
<android.view.Display: DisplayCutout getCutout()>,NEITHER,NEITHER
<android.media.MediaController2: void close()>,NEITHER,NEITHER
<android.icu.text.BidiClassifier: void setContext(Object)>,NEITHER,NEITHER
<android.app.Person: boolean isImportant()>,NEITHER,SOURCE
<android.media.session.MediaController.TransportControls: void setPlaybackSpeed(float)>,NEITHER,NEITHER
"<android.view.textclassifier.TextSelection.Request: void writeToParcel(Parcel,int)>",NEITHER,NEITHER
<android.view.View: View.AccessibilityDelegate getAccessibilityDelegate()>,NEITHER,NEITHER
<android.view.textclassifier.TextClassificationContext: String getWidgetType()>,NEITHER,NEITHER
<android.telephony.CellIdentityTdscdma: String getMobileNetworkOperator()>,SOURCE,SOURCE
<android.graphics.RenderNode: float getScaleY()>,NEITHER,NEITHER
"<android.opengl.EGL15: EGLImage eglCreateImage(EGLDisplay,EGLContext,int,long,long,int)>",NEITHER,NEITHER
<android.net.wifi.p2p.WifiP2pConfig.Builder: WifiP2pConfig.Builder setNetworkName(String)>,NEITHER,NEITHER
<android.graphics.drawable.AnimatedImageDrawable: int getIntrinsicWidth()>,NEITHER,NEITHER
<android.icu.text.DecimalFormatSymbols: String getMinusSignString()>,NEITHER,NEITHER
"<android.hardware.camera2.CameraManager: void registerAvailabilityCallback(Executor,CameraManager.AvailabilityCallback)>",SINK,NEITHER
<android.view.textclassifier.TextClassification.Request: String getCallingPackageName()>,NEITHER,NEITHER
<android.widget.HorizontalScrollView: int getLeftEdgeEffectColor()>,NEITHER,NEITHER
"<android.media.audiofx.DynamicsProcessing.Config.Builder: DynamicsProcessing.Config.Builder setChannelTo(int,DynamicsProcessing.Channel)>",NEITHER,NEITHER
"<android.media.audiofx.DynamicsProcessing.Config: void setPreEqBandAllChannelsTo(int,DynamicsProcessing.EqBand)>",NEITHER,NEITHER
<android.media.audiofx.DynamicsProcessing: void setMbcAllChannelsTo(DynamicsProcessing.Mbc)>,NEITHER,NEITHER
<android.graphics.ImageDecoder.ImageInfo: Size getSize()>,SOURCE,SOURCE
"<android.telephony.CellIdentityTdscdma: void writeToParcel(Parcel,int)>",NEITHER,NEITHER
<android.service.voice.VoiceInteractionSession.ActivityId: boolean equals(Object)>,NEITHER,NEITHER
<android.media.SubtitleData: long getStartTimeUs()>,NEITHER,NEITHER
<android.graphics.drawable.ColorStateListDrawable: int getOpacity()>,NEITHER,NEITHER
<android.view.DisplayCutout: Rect getBoundingRectTop()>,NEITHER,NEITHER
"<android.telephony.SubscriptionManager: void setSubscriptionOverrideUnmetered(int,boolean,long)>",NEITHER,NEITHER
<android.appwidget.AppWidgetHostView: void setOnLightBackground(boolean)>,NEITHER,NEITHER
<android.service.autofill.FieldClassification.Match: float getScore()>,NEITHER,NEITHER
<android.icu.text.Bidi: int getRunCount()>,NEITHER,NEITHER
<android.bluetooth.BluetoothHidDevice: List getConnectedDevices()>,SOURCE,SOURCE
"<android.text.PrecomputedText: T getSpans(int,int,Class)>",NEITHER,NEITHER
<android.graphics.drawable.InsetDrawable: Insets getOpticalInsets()>,NEITHER,NEITHER
<android.app.backup.FullBackupDataOutput: int getTransportFlags()>,SOURCE,NEITHER
<android.telephony.emergency.EmergencyNumber: List getEmergencyUrns()>,NEITHER,SOURCE
<android.media.audiofx.DynamicsProcessing: void setInputGainAllChannelsTo(float)>,NEITHER,NEITHER
<android.app.admin.DevicePolicyManager: int getPasswordComplexity()>,SOURCE,SOURCE
"<android.bluetooth.BluetoothHidDevice.Callback: void onConnectionStateChanged(BluetoothDevice,int)>",SINK,NEITHER
<android.media.audiofx.DynamicsProcessing.Config: void setInputGainAllChannelsTo(float)>,NEITHER,NEITHER
<android.telephony.mbms.FileInfo: int describeContents()>,NEITHER,NEITHER
<android.widget.ListPopupWindow: Rect getEpicenterBounds()>,NEITHER,NEITHER
"<android.view.textclassifier.SelectionEvent: void writeToParcel(Parcel,int)>",NEITHER,NEITHER
<android.view.textclassifier.TextClassifier.EntityConfig.Builder: TextClassifier.EntityConfig.Builder setIncludedTypes(Collection)>,NEITHER,NEITHER
<android.widget.SearchView: boolean isIconifiedByDefault()>,NEITHER,NEITHER
"<android.media.MediaFormat: String getString(String,String)>",SOURCE,NEITHER
<android.telephony.emergency.EmergencyNumber: List getEmergencyServiceCategories()>,NEITHER,NEITHER
<android.telephony.TelephonyManager: int getSimSpecificCarrierId()>,SOURCE,SOURCE
"<android.icu.text.RelativeDateTimeFormatter: String formatNumeric(double,RelativeDateTimeFormatter.RelativeDateTimeUnit)>",NEITHER,NEITHER
<android.view.contentcapture.ContentCaptureContext: LocusId getLocusId()>,NEITHER,SOURCE
"<android.app.AppComponentFactory: Application instantiateApplication(ClassLoader,String)>",NEITHER,NEITHER
<android.media.Session2Command: Bundle getCustomExtras()>,NEITHER,NEITHER
<android.content.pm.PackageManager: Bundle getSuspendedPackageAppExtras()>,SOURCE,NEITHER
"<android.view.textclassifier.TextLanguage.Builder: TextLanguage.Builder putLocale(ULocale,float)>",NEITHER,NEITHER
"<android.net.wifi.rtt.ResponderLocation: void writeToParcel(Parcel,int)>",NEITHER,NEITHER
<android.view.textclassifier.SelectionEvent: int getSmartStart()>,NEITHER,NEITHER
<android.telephony.MbmsStreamingSession: void close()>,NEITHER,NEITHER
<android.text.PrecomputedText: int getSpanFlags(Object)>,NEITHER,NEITHER
<android.bluetooth.le.ScanFilter.Builder: ScanFilter.Builder setServiceSolicitationUuid(ParcelUuid)>,NEITHER,NEITHER
<android.graphics.drawable.VectorDrawable: void setTintBlendMode(BlendMode)>,NEITHER,NEITHER
<android.os.Handler: Handler createAsync(Looper)>,NEITHER,NEITHER
<android.view.textclassifier.TextLanguage: String getId()>,NEITHER,NEITHER
<android.icu.text.Edits: Edits.Iterator getCoarseIterator()>,NEITHER,NEITHER
<android.app.Person.Builder: Person.Builder setUri(String)>,NEITHER,NEITHER
<android.graphics.Bitmap: Bitmap createBitmap(Picture)>,NEITHER,NEITHER
<android.media.audiofx.DynamicsProcessing.MbcBand: void setExpanderRatio(float)>,NEITHER,NEITHER
<android.widget.ToggleButton: float getDisabledAlpha()>,NEITHER,NEITHER
"<android.hardware.camera2.CameraCaptureSession: int captureBurstRequests(List,Executor,CameraCaptureSession.CaptureCallback)>",SOURCE,NEITHER
<android.telephony.mbms.ServiceInfo: int hashCode()>,NEITHER,NEITHER
<android.graphics.ImageDecoder: ImageDecoder.Source createSource(ByteBuffer)>,SOURCE,NEITHER
<android.text.DynamicLayout.Builder: DynamicLayout.Builder setEllipsize(TextUtils.TruncateAt)>,NEITHER,NEITHER
<android.media.audiofx.DynamicsProcessing.Config: int getPostEqBandCount()>,NEITHER,NEITHER
<android.widget.TextView: void setTextSelectHandleLeft(int)>,NEITHER,NEITHER
<android.telephony.CellSignalStrengthGsm: int getBitErrorRate()>,SOURCE,NEITHER
<android.security.keystore.KeyGenParameterSpec.Builder: KeyGenParameterSpec.Builder setIsStrongBoxBacked(boolean)>,NEITHER,NEITHER
<android.service.carrier.CarrierIdentifier: int getCarrierId()>,SOURCE,SOURCE
"<android.media.audiofx.DynamicsProcessing.Channel: void setMbcBand(int,DynamicsProcessing.MbcBand)>",NEITHER,NEITHER
<android.hardware.camera2.params.SessionConfiguration: CaptureRequest getSessionParameters()>,SOURCE,SOURCE
<android.telephony.data.ApnSetting: String getUser()>,NEITHER,SOURCE
<android.graphics.Canvas: void enableZ()>,NEITHER,NEITHER
"<android.telephony.CellInfoNr: void writeToParcel(Parcel,int)>",SINK,NEITHER
<android.view.View: int getSourceLayoutResId()>,NEITHER,NEITHER
<android.hardware.camera2.params.OutputConfiguration: void setPhysicalCameraId(String)>,NEITHER,NEITHER
"<android.telephony.euicc.DownloadableSubscription: void writeToParcel(Parcel,int)>",NEITHER,NEITHER
<android.os.Build: List getFingerprintedPartitions()>,NEITHER,SOURCE
<android.icu.text.DecimalFormatSymbols: void setPercentString(String)>,NEITHER,NEITHER
<android.net.LinkProperties: int getMtu()>,SOURCE,SOURCE
<android.telephony.TelephonyManager: int isMultiSimSupported()>,SOURCE,SOURCE
<android.content.pm.PackageInfo: void setLongVersionCode(long)>,NEITHER,NEITHER
<android.widget.TextView: Drawable getTextSelectHandleLeft()>,NEITHER,NEITHER
<android.telephony.mbms.MbmsDownloadSessionCallback: void onMiddlewareReady()>,NEITHER,NEITHER
<android.telephony.data.ApnSetting: String getProxyAddressAsString()>,NEITHER,SOURCE
<android.service.autofill.UserData: int describeContents()>,NEITHER,NEITHER
"<android.hardware.biometrics.BiometricPrompt: void authenticate(CancellationSignal,Executor,BiometricPrompt.AuthenticationCallback)>",NEITHER,NEITHER
<android.telephony.SubscriptionManager: int getSubscriptionIds(int)>,SOURCE,NEITHER
<android.database.sqlite.SQLiteDatabase.OpenParams.Builder: SQLiteDatabase.OpenParams.Builder setErrorHandler(DatabaseErrorHandler)>,NEITHER,NEITHER
<android.telephony.emergency.EmergencyNumber: String getNumber()>,SOURCE,NEITHER
<android.inputmethodservice.InputMethodService: boolean switchToPreviousInputMethod()>,NEITHER,NEITHER
<android.media.audiofx.DynamicsProcessing.Config: void setAllChannelsTo(DynamicsProcessing.Channel)>,NEITHER,NEITHER
<android.media.MediaSession2.ControllerInfo: int hashCode()>,NEITHER,NEITHER
<android.net.wifi.rtt.ResponderLocation: boolean equals(Object)>,NEITHER,NEITHER
<android.view.textclassifier.ConversationActions.Request: List getHints()>,NEITHER,NEITHER
"<android.content.ContentResolver: ParcelFileDescriptor openFile(Uri,String,CancellationSignal)>",SOURCE,NEITHER
<android.graphics.Paint: void setStartHyphenEdit(int)>,NEITHER,NEITHER
"<android.media.MediaSession2.SessionCallback: Session2Command.Result onSessionCommand(MediaSession2,MediaSession2.ControllerInfo,Session2Command,Bundle)>",SINK,NEITHER
"<android.service.autofill.VisibilitySetterAction.Builder: VisibilitySetterAction.Builder setVisibility(int,int)>",NEITHER,NEITHER
<android.graphics.RenderNode: void getMatrix(Matrix)>,NEITHER,NEITHER
<android.icu.text.Transliterator: String getDisplayName(String)>,NEITHER,NEITHER
<android.hardware.camera2.CameraDevice: void createCaptureSession(SessionConfiguration)>,NEITHER,NEITHER
<android.app.Notification.Builder: Notification.Builder setAllowSystemGeneratedContextualActions(boolean)>,NEITHER,NEITHER
<android.app.Notification.BubbleMetadata.Builder: Notification.BubbleMetadata.Builder setIcon(Icon)>,NEITHER,NEITHER
"<android.view.LayoutInflater: View createView(Context,String,String,AttributeSet)>",NEITHER,NEITHER
<android.media.MediaMetadataRetriever: Bitmap getImageAtIndex(int)>,SOURCE,NEITHER
<android.view.DisplayCutout: List getBoundingRects()>,NEITHER,NEITHER
<android.telephony.MbmsGroupCallSession: void close()>,NEITHER,NEITHER
<android.graphics.BlendModeColorFilter: int getColor()>,NEITHER,NEITHER
<android.net.wifi.WifiNetworkSpecifier: boolean equals(Object)>,NEITHER,NEITHER
<android.view.contentcapture.DataRemovalRequest: int describeContents()>,NEITHER,NEITHER
<android.view.View: void addOnUnhandledKeyEventListener(View.OnUnhandledKeyEventListener)>,NEITHER,NEITHER
<android.media.MediaSession2Service: void onCreate()>,NEITHER,NEITHER
<android.media.audiofx.DynamicsProcessing.MbcBand: void setPostGain(float)>,NEITHER,NEITHER
<android.net.wifi.WifiInfo: int getRxLinkSpeedMbps()>,SOURCE,NEITHER
<android.telephony.AvailableNetworkInfo: int describeContents()>,SOURCE,NEITHER
"<android.graphics.text.MeasuredText: void getBounds(int,int,Rect)>",NEITHER,NEITHER
<android.telephony.CarrierConfigManager: boolean isConfigForIdentifiedCarrier(PersistableBundle)>,SOURCE,NEITHER
<android.telephony.PhoneStateListener: void onUserMobileDataStateChanged(boolean)>,NEITHER,NEITHER
"<android.net.MacAddress: void writeToParcel(Parcel,int)>",SOURCE,NEITHER
"<android.net.DnsResolver: void query(Network,String,int,Executor,CancellationSignal,Callback)>",NEITHER,SINK
<android.system.StructTimeval: String toString()>,NEITHER,NEITHER
<android.media.MediaDrm: int getMaxSessionCount()>,NEITHER,NEITHER
<android.text.style.TextAppearanceSpan: int getTextFontWeight()>,NEITHER,NEITHER
<android.telephony.RadioAccessSpecifier: int getChannels()>,NEITHER,NEITHER
<android.widget.ScrollView: void setBottomEdgeEffectColor(int)>,NEITHER,NEITHER
<android.security.keystore.KeyGenParameterSpec: boolean isUserPresenceRequired()>,NEITHER,NEITHER
"<android.app.slice.SliceManager: void grantSlicePermission(String,Uri)>",NEITHER,NEITHER
<android.view.Window: boolean isWideColorGamut()>,NEITHER,NEITHER
<android.app.slice.SliceProvider: Uri onMapIntentToUri(Intent)>,NEITHER,NEITHER
<android.graphics.Bitmap: void setColorSpace(ColorSpace)>,NEITHER,NEITHER
<android.app.slice.SliceItem: Slice getSlice()>,NEITHER,NEITHER
<android.se.omapi.Session: void close()>,NEITHER,NEITHER
<android.database.sqlite.SQLiteDatabase.OpenParams.Builder: SQLiteDatabase.OpenParams.Builder setOpenFlags(int)>,NEITHER,NEITHER
<android.telephony.NetworkScanRequest: RadioAccessSpecifier getSpecifiers()>,SOURCE,SOURCE
<android.telephony.mbms.MbmsStreamingSessionCallback: void onMiddlewareReady()>,NEITHER,NEITHER
<android.view.WindowInsets.Builder: WindowInsets.Builder setStableInsets(Insets)>,NEITHER,NEITHER
"<android.view.SurfaceControl.Transaction: SurfaceControl.Transaction setLayer(SurfaceControl,int)>",NEITHER,NEITHER
<android.view.DisplayCutout: Rect getBoundingRectBottom()>,NEITHER,NEITHER
<android.hardware.biometrics.BiometricPrompt.AuthenticationResult: BiometricPrompt.CryptoObject getCryptoObject()>,NEITHER,SOURCE
<android.graphics.drawable.DrawableContainer: Insets getOpticalInsets()>,NEITHER,NEITHER
"<android.provider.MediaStore: Uri getMediaUri(Context,Uri)>",SOURCE,NEITHER
<android.media.audiofx.DynamicsProcessing.Config: boolean isPostEqInUse()>,NEITHER,NEITHER
<android.telephony.TelephonyManager: int getPreferredOpportunisticDataSubscription()>,SOURCE,NEITHER
<android.telephony.TelephonyManager: String getManufacturerCode(int)>,SOURCE,SOURCE
<android.service.autofill.SaveInfo.Builder: SaveInfo.Builder setCustomDescription(CustomDescription)>,SINK,NEITHER
<android.net.SocketKeepalive.Callback: void onStopped()>,NEITHER,NEITHER
"<android.graphics.Paint: float getTextRunAdvances(char,int,int,int,int,boolean,float,int)>",NEITHER,NEITHER
<android.icu.text.Transliterator.Position: String toString()>,NEITHER,NEITHER
"<android.telephony.SubscriptionManager: boolean setOpportunistic(boolean,int)>",NEITHER,NEITHER
<android.telephony.data.ApnSetting.Builder: ApnSetting.Builder setProxyAddress(String)>,NEITHER,NEITHER
<android.media.audiofx.DynamicsProcessing.Channel: float getInputGain()>,NEITHER,NEITHER
<android.view.DisplayCutout: int getSafeInsetTop()>,NEITHER,NEITHER
<android.net.LinkProperties: void setDomains(String)>,NEITHER,NEITHER
"<android.widget.Magnifier.Builder: Magnifier.Builder setDefaultSourceToMagnifierOffset(int,int)>",NEITHER,NEITHER
<android.app.admin.DevicePolicyManager: Set getCrossProfileCalendarPackages(ComponentName)>,SOURCE,NEITHER
<android.service.autofill.BatchUpdates: String toString()>,NEITHER,NEITHER
<android.net.wifi.aware.WifiAwareNetworkSpecifier.Builder: WifiAwareNetworkSpecifier.Builder setPskPassphrase(String)>,NEITHER,NEITHER
<android.telephony.CellSignalStrengthNr: int getSsSinr()>,SOURCE,SOURCE
"<android.bluetooth.BluetoothHidDevice.Callback: void onSetProtocol(BluetoothDevice,byte)>",SINK,NEITHER
"<android.webkit.WebView: void setWebViewRenderProcessClient(Executor,WebViewRenderProcessClient)>",NEITHER,NEITHER
<android.telephony.emergency.EmergencyNumber: boolean equals(Object)>,NEITHER,NEITHER
<android.os.PowerManager: void removeThermalStatusListener(PowerManager.OnThermalStatusChangedListener)>,NEITHER,NEITHER
<android.view.View: void setHorizontalScrollbarTrackDrawable(Drawable)>,NEITHER,NEITHER
<android.net.wifi.rtt.RangingRequest.Builder: void addWifiAwarePeer()>,NEITHER,NEITHER
<android.app.usage.EventStats: long getLastTimeStamp()>,NEITHER,NEITHER
<android.view.textclassifier.TextLinks.TextLink: String getEntity(int)>,NEITHER,NEITHER
"<android.os.Parcel: void writeTypedArrayMap(ArrayMap,int)>",NEITHER,NEITHER
<android.view.textclassifier.TextClassificationContext: String getPackageName()>,NEITHER,NEITHER
"<android.telephony.MbmsDownloadSession: MbmsDownloadSession create(Context,Executor,int,MbmsDownloadSessionCallback)>",SOURCE,SOURCE
<android.media.audiofx.DynamicsProcessing: DynamicsProcessing.Mbc getMbcByChannelIndex(int)>,NEITHER,NEITHER
<android.media.AudioRecordingConfiguration: int getAudioSource()>,SOURCE,NEITHER
<android.app.AutomaticZenRule: ZenPolicy getZenPolicy()>,NEITHER,NEITHER
<android.hardware.camera2.params.SessionConfiguration: Executor getExecutor()>,NEITHER,NEITHER
<android.telecom.Connection.RttTextStream: String read()>,SOURCE,SOURCE
<android.telephony.TelephonyManager: String getManufacturerCode()>,SOURCE,SOURCE
<android.media.audiofx.DynamicsProcessing.Limiter: String toString()>,NEITHER,NEITHER
<android.content.pm.PackageManager: void getWhitelistedRestrictedPermissions()>,NEITHER,NEITHER
<android.graphics.drawable.AnimatedImageDrawable: void start()>,NEITHER,NEITHER
<android.graphics.drawable.ColorStateListDrawable: void setColorFilter(ColorFilter)>,NEITHER,NEITHER
<android.graphics.Paint: int getEndHyphenEdit()>,NEITHER,NEITHER
<android.telephony.data.ApnSetting.Builder: ApnSetting.Builder setProxyAddress(InetAddress)>,NEITHER,NEITHER
<android.graphics.fonts.FontFamily: int getSize()>,NEITHER,NEITHER
<android.provider.MediaStore: String getVolumeName(Uri)>,NEITHER,SOURCE
<android.app.slice.SliceSpec: String toString()>,NEITHER,NEITHER
<android.media.audiofx.DynamicsProcessing.MbcBand: float getThreshold()>,NEITHER,NEITHER
<android.view.textclassifier.TextLinks.Request.Builder: TextLinks.Request.Builder setDefaultLocales(LocaleList)>,NEITHER,NEITHER
<android.graphics.drawable.GradientDrawable: float getThicknessRatio()>,NEITHER,NEITHER
"<android.os.UserManager: boolean requestQuietModeEnabled(boolean,UserHandle)>",NEITHER,NEITHER
<android.view.textclassifier.ConversationActions.Message: int describeContents()>,NEITHER,NEITHER
<android.bluetooth.BluetoothHearingAid: List getConnectedDevices()>,SOURCE,SOURCE
<android.telephony.CellSignalStrengthNr: int getSsRsrq()>,SOURCE,SOURCE
<android.widget.AutoCompleteTextView: int getInputMethodMode()>,NEITHER,NEITHER
<android.service.notification.ZenPolicy.Builder: ZenPolicy.Builder allowMessages(int)>,NEITHER,NEITHER
<android.telecom.ConnectionService: void connectionServiceFocusReleased()>,NEITHER,NEITHER
<android.media.Session2Token: String getServiceName()>,NEITHER,NEITHER
<android.view.textclassifier.TextClassification.Request.Builder: TextClassification.Request.Builder setExtras(Bundle)>,NEITHER,NEITHER
<android.graphics.text.LineBreaker.Builder: LineBreaker build()>,NEITHER,NEITHER
<android.view.textclassifier.TextClassifierEvent: int getEventType()>,NEITHER,NEITHER
<android.telecom.TelecomManager: boolean endCall()>,NEITHER,NEITHER
<android.service.autofill.DateTransformation: int describeContents()>,NEITHER,NEITHER
<android.telephony.ServiceState: int getCdmaSystemId()>,SOURCE,SOURCE
<android.media.audiofx.DynamicsProcessing.Channel: void setInputGain(float)>,NEITHER,NEITHER
<android.view.textclassifier.TextClassifierEvent: int getEventIndex()>,NEITHER,NEITHER
<javax.net.ssl.SSLSocket: String getHandshakeApplicationProtocol()>,NEITHER,NEITHER
<android.media.MicrophoneInfo: MicrophoneInfo.Coordinate3F getOrientation()>,NEITHER,SOURCE
<android.service.autofill.UserData: int getMaxUserDataSize()>,SOURCE,NEITHER
<android.telephony.mbms.DownloadRequest: int hashCode()>,NEITHER,NEITHER
<android.view.WindowInsets: Insets getStableInsets()>,NEITHER,NEITHER
"<android.media.MediaDrm: void setOnKeyStatusChangeListener(Executor,MediaDrm.OnKeyStatusChangeListener)>",NEITHER,NEITHER
"<android.database.sqlite.SQLiteOpenHelper: void setLookasideConfig(int,int)>",NEITHER,NEITHER
<android.media.audiofx.DynamicsProcessing.Config: float getInputGainByChannelIndex(int)>,NEITHER,NEITHER
<android.media.ExifInterface: long getAttributeRange(String)>,SOURCE,NEITHER
<android.os.SharedMemory: ByteBuffer mapReadOnly()>,SOURCE,NEITHER
<android.media.audiofx.DynamicsProcessing.Channel: DynamicsProcessing.Eq getPostEq()>,NEITHER,NEITHER
<android.view.textclassifier.ConversationAction.Builder: ConversationAction.Builder setAction(RemoteAction)>,SINK,NEITHER
<android.app.WallpaperColors: Color getSecondaryColor()>,SOURCE,NEITHER
<android.graphics.drawable.AnimatedImageDrawable: ColorFilter getColorFilter()>,NEITHER,NEITHER
"<android.webkit.WebView: void startSafeBrowsing(Context,ValueCallback)>",NEITHER,NEITHER
<android.graphics.RecordingCanvas: boolean isOpaque()>,SOURCE,NEITHER
<android.widget.Magnifier: void dismiss()>,NEITHER,NEITHER
<android.app.DirectAction.Builder: DirectAction.Builder setLocusId(LocusId)>,NEITHER,NEITHER
<android.app.Person: int hashCode()>,NEITHER,NEITHER
<android.app.slice.SliceSpec: boolean equals(Object)>,NEITHER,NEITHER
<android.media.MicrophoneInfo: float getMaxSpl()>,NEITHER,NEITHER
<android.net.IpSecAlgorithm: int describeContents()>,NEITHER,NEITHER
<android.view.View: void transformMatrixToGlobal(Matrix)>,NEITHER,NEITHER
<android.view.accessibility.AccessibilityNodeInfo: boolean isHeading()>,NEITHER,NEITHER
<android.view.TouchDelegate: boolean onTouchExplorationHoverEvent(MotionEvent)>,NEITHER,NEITHER
<android.view.View: void setTransitionVisibility(int)>,NEITHER,NEITHER
<android.view.View: int getOutlineSpotShadowColor()>,NEITHER,NEITHER
"<android.icu.text.DecimalFormatSymbols: DecimalFormatSymbols forNumberingSystem(Locale,NumberingSystem)>",NEITHER,NEITHER
<android.icu.text.Bidi: int getProcessedLength()>,NEITHER,NEITHER
<android.graphics.HardwareRenderer: void stop()>,NEITHER,NEITHER
<android.telephony.data.ApnSetting.Builder: ApnSetting.Builder setMmsProxyPort(int)>,NEITHER,NEITHER
<android.media.audiofx.DynamicsProcessing.Config: boolean isLimiterInUse()>,NEITHER,NEITHER
"<android.net.IpSecAlgorithm: void writeToParcel(Parcel,int)>",NEITHER,NEITHER
<android.telephony.SubscriptionInfo: boolean isEmbedded()>,NEITHER,NEITHER
<android.graphics.fonts.Font: FontVariationAxis getAxes()>,NEITHER,NEITHER
<android.os.VibrationEffect: VibrationEffect createPredefined(int)>,NEITHER,NEITHER
<android.graphics.ImageDecoder: void setTargetColorSpace(ColorSpace)>,NEITHER,NEITHER
<android.bluetooth.BluetoothHidDevice: List getDevicesMatchingConnectionStates(int)>,SOURCE,SOURCE
<android.view.View: int getAttributeResolutionStack(int)>,NEITHER,NEITHER
"<android.appwidget.AppWidgetManager: void updateAppWidgetProviderInfo(ComponentName,String)>",SINK,NEITHER
<android.net.wifi.rtt.RangingResult: int getDistanceStdDevMm()>,SOURCE,SOURCE
"<android.net.ssl.SSLSockets: void setUseSessionTickets(SSLSocket,boolean)>",NEITHER,NEITHER
<android.view.autofill.AutofillManager: void setUserData(UserData)>,SINK,NEITHER
<android.view.textclassifier.TextClassifierEvent.ConversationActionsEvent.Builder: TextClassifierEvent.ConversationActionsEvent build()>,NEITHER,NEITHER
<android.icu.text.CaseMap.Title: CaseMap.Title wholeString()>,NEITHER,NEITHER
<android.net.MacAddress: String toOuiString()>,SOURCE,SOURCE
<android.media.AudioPresentation: boolean hasSpokenSubtitles()>,NEITHER,NEITHER
<android.hardware.camera2.params.RecommendedStreamConfigurationMap: Set getOutputSizes(int)>,NEITHER,NEITHER
<android.media.ExifInterface: byte getAttributeBytes(String)>,SOURCE,SOURCE
<android.media.AudioPresentation.Builder: AudioPresentation.Builder setProgramId(int)>,NEITHER,NEITHER
<android.media.MediaSession2.ControllerInfo: String toString()>,NEITHER,NEITHER
<android.telephony.SmsManager.FinancialSmsCallback: void onFinancialSmsMessages(CursorWindow)>,SINK,NEITHER
"<android.text.style.LineBackgroundSpan.Standard: void writeToParcel(Parcel,int)>",NEITHER,NEITHER
<android.view.textclassifier.TextLanguage.Builder: TextLanguage.Builder setId(String)>,NEITHER,NEITHER
"<android.graphics.ImageDecoder: ImageDecoder.Source createSource(ContentResolver,Uri)>",SOURCE,NEITHER
<javax.net.ssl.SSLParameters: void setApplicationProtocols(String)>,NEITHER,NEITHER
<android.view.textclassifier.TextClassifier.EntityConfig: TextClassifier.EntityConfig createWithExplicitEntityList(Collection)>,NEITHER,NEITHER
"<android.service.autofill.UserData.Builder: UserData.Builder add(String,String)>",SINK,NEITHER
<android.hardware.camera2.params.OisSample: long getTimestamp()>,NEITHER,NEITHER
<android.widget.Toolbar: void setCollapseContentDescription(int)>,NEITHER,NEITHER
"<android.telephony.MbmsStreamingSession: MbmsStreamingSession create(Context,Executor,MbmsStreamingSessionCallback)>",SOURCE,SOURCE
<android.graphics.HardwareRenderer: HardwareRenderer.FrameRenderRequest createRenderRequest()>,NEITHER,NEITHER
<android.app.Notification.MessagingStyle: Notification.MessagingStyle setGroupConversation(boolean)>,NEITHER,NEITHER
<android.hardware.camera2.params.SessionConfiguration: CameraCaptureSession.StateCallback getStateCallback()>,NEITHER,NEITHER
"<android.net.wifi.aware.WifiAwareNetworkInfo: void writeToParcel(Parcel,int)>",SOURCE,NEITHER
<android.icu.util.LocaleData: void setNoSubstitute(boolean)>,NEITHER,NEITHER
<android.app.Notification.BubbleMetadata: boolean getAutoExpandBubble()>,NEITHER,NEITHER
<android.graphics.text.LineBreaker.Result: float getLineDescent(int)>,NEITHER,NEITHER
<android.media.MediaMetadataRetriever: void close()>,NEITHER,NEITHER
<android.webkit.TracingController: boolean isTracing()>,NEITHER,NEITHER
<android.view.textclassifier.TextClassifier.EntityConfig: boolean shouldIncludeTypesFromTextClassifier()>,NEITHER,NEITHER
<android.icu.text.CaseMap.Fold: CaseMap.Fold omitUnchangedText()>,NEITHER,NEITHER
<android.widget.Magnifier: float getZoom()>,NEITHER,NEITHER
<android.telephony.CellSignalStrengthNr: int getSsRsrp()>,SOURCE,SOURCE
<android.icu.text.Bidi: BidiRun getLogicalRun(int)>,NEITHER,NEITHER
"<android.text.PrecomputedText: PrecomputedText create(CharSequence,PrecomputedText.Params)>",NEITHER,NEITHER
<android.widget.Toolbar: void setCollapseIcon(Drawable)>,NEITHER,NEITHER
<android.service.autofill.VisibilitySetterAction.Builder: VisibilitySetterAction build()>,NEITHER,NEITHER
<android.content.pm.PackageInstaller.SessionInfo: boolean isMultiPackage()>,NEITHER,NEITHER
<android.telecom.Connection: void sendRttSessionRemotelyTerminated()>,NEITHER,NEITHER
"<android.app.admin.DevicePolicyManager: void wipeData(int,CharSequence)>",NEITHER,NEITHER
"<android.telephony.mbms.DownloadProgressListener: void onProgressUpdated(DownloadRequest,FileInfo,int,int,int,int)>",SINK,NEITHER
"<android.security.ConfirmationPrompt: void presentPrompt(Executor,ConfirmationCallback)>",NEITHER,NEITHER
<android.telephony.TelephonyManager.CellInfoCallback: void onCellInfo(List)>,SINK,NEITHER
<android.media.MicrophoneInfo: int getGroup()>,NEITHER,NEITHER
<android.telephony.mbms.StreamingService: StreamingServiceInfo getInfo()>,SOURCE,NEITHER
<android.database.sqlite.SQLiteDatabase.OpenParams.Builder: SQLiteDatabase.OpenParams.Builder removeOpenFlags(int)>,NEITHER,NEITHER
<android.graphics.ImageDecoder: void setMutableRequired(boolean)>,NEITHER,NEITHER
<android.graphics.text.LineBreaker.Builder: LineBreaker.Builder setJustificationMode(int)>,NEITHER,NEITHER
<android.net.wifi.p2p.WifiP2pConfig.Builder: WifiP2pConfig.Builder enablePersistentMode(boolean)>,NEITHER,NEITHER
<android.graphics.ImageDecoder: PostProcessor getPostProcessor()>,NEITHER,NEITHER
"<android.provider.DocumentsProvider: Cursor queryRecentDocuments(String,String,Bundle,CancellationSignal)>",SOURCE,NEITHER
<android.nfc.NfcAdapter: boolean isSecureNfcSupported()>,SOURCE,NEITHER
<android.app.Notification.BubbleMetadata: PendingIntent getIntent()>,SOURCE,NEITHER
<android.graphics.drawable.ColorStateListDrawable: boolean hasFocusStateSpecified()>,NEITHER,NEITHER
<android.media.MediaDrm: int getMaxSecurityLevel()>,NEITHER,NEITHER
<android.icu.text.Edits: boolean hasChanges()>,NEITHER,NEITHER
<android.media.MicrophoneInfo.Coordinate3F: boolean equals(Object)>,NEITHER,NEITHER
<android.view.DisplayCutout: int getSafeInsetBottom()>,NEITHER,NEITHER
<android.hardware.biometrics.BiometricPrompt.CryptoObject: Cipher getCipher()>,NEITHER,SOURCE
<android.app.role.RoleManager: boolean isRoleAvailable(String)>,NEITHER,NEITHER
<android.telephony.mbms.DownloadRequest: Uri getSourceUri()>,SOURCE,SOURCE
<android.view.ViewConfiguration: int getScaledHoverSlop()>,NEITHER,NEITHER
<android.nfc.NfcAdapter: boolean isSecureNfcEnabled()>,SOURCE,NEITHER
"<android.view.contentcapture.ContentCaptureSession: ViewStructure newVirtualViewStructure(AutofillId,long)>",NEITHER,NEITHER
"<android.service.autofill.VisibilitySetterAction: void writeToParcel(Parcel,int)>",NEITHER,NEITHER
<android.telephony.TelephonyManager: int getSimCarrierId()>,SOURCE,SOURCE
<android.net.wifi.rtt.ResponderLocation: SparseArray toCivicLocationSparseArray()>,NEITHER,NEITHER
<android.media.session.MediaController: Bundle getSessionInfo()>,SOURCE,SOURCE
<android.security.keystore.KeyGenParameterSpec.Builder: KeyGenParameterSpec.Builder setUserPresenceRequired(boolean)>,NEITHER,NEITHER
<android.app.Notification.BubbleMetadata: boolean isNotificationSuppressed()>,NEITHER,NEITHER
<android.media.MediaDrm: void clearOnExpirationUpdateListener()>,NEITHER,NEITHER
<android.media.audiofx.DynamicsProcessing.Config.Builder: DynamicsProcessing.Config.Builder setMbcAllChannelsTo(DynamicsProcessing.Mbc)>,NEITHER,NEITHER
<android.widget.RemoteViews.RemoteResponse: RemoteViews.RemoteResponse fromFillInIntent(Intent)>,SINK,NEITHER
<android.graphics.text.LineBreaker.Result: float getLineAscent(int)>,NEITHER,NEITHER
<android.text.PrecomputedText.Params.Builder: PrecomputedText.Params.Builder setTextDirection(TextDirectionHeuristic)>,NEITHER,NEITHER
<android.media.MediaSession2Service: void addSession(MediaSession2)>,SINK,NEITHER
<android.media.audiofx.DynamicsProcessing.MbcBand: float getNoiseGateThreshold()>,NEITHER,NEITHER
"<android.telephony.mbms.FileServiceInfo: void writeToParcel(Parcel,int)>",NEITHER,NEITHER
<javax.net.ssl.SSLSocket: String getApplicationProtocol()>,NEITHER,SOURCE
<android.media.audiofx.DynamicsProcessing: DynamicsProcessing.Channel getChannelByChannelIndex(int)>,NEITHER,NEITHER
<android.view.textclassifier.ConversationActions.Request: Bundle getExtras()>,NEITHER,NEITHER
"<android.icu.text.Bidi: void setContext(String,String)>",NEITHER,NEITHER
<android.content.LocusId: String toString()>,NEITHER,NEITHER
<android.telephony.CellIdentityNr: boolean equals(Object)>,NEITHER,NEITHER
<android.media.MediaDrm: List getOfflineLicenseKeySetIds()>,NEITHER,NEITHER
<android.app.admin.DevicePolicyManager: int logoutUser(ComponentName)>,NEITHER,NEITHER
<android.app.AutomaticZenRule: ComponentName getConfigurationActivity()>,NEITHER,NEITHER
<android.view.textclassifier.TextClassification.Builder: TextClassification.Builder addAction(RemoteAction)>,NEITHER,NEITHER
<android.graphics.RenderNode: float getScaleX()>,NEITHER,NEITHER
<android.hardware.camera2.params.RecommendedStreamConfigurationMap: int getRecommendedUseCase()>,NEITHER,NEITHER
<android.graphics.RenderNode: boolean hasOverlappingRendering()>,NEITHER,NEITHER
<android.os.BatteryManager: long computeChargeTimeRemaining()>,NEITHER,NEITHER
<android.app.job.JobInfo.Builder: JobInfo.Builder setImportantWhileForeground(boolean)>,NEITHER,NEITHER
<android.view.textclassifier.TextClassification.Builder: TextClassification.Builder setExtras(Bundle)>,NEITHER,NEITHER
<android.telephony.CellSignalStrengthNr: int getLevel()>,SOURCE,SOURCE
<android.icu.text.Bidi: byte getParaLevel()>,NEITHER,NEITHER
<android.text.PrecomputedText.Params.Builder: PrecomputedText.Params.Builder setHyphenationFrequency(int)>,NEITHER,NEITHER
<android.os.SystemClock: Clock currentGnssTimeClock()>,NEITHER,NEITHER
<android.text.style.LineBackgroundSpan.Standard: int getSpanTypeId()>,NEITHER,NEITHER
<android.graphics.RenderNode: boolean getClipToBounds()>,NEITHER,NEITHER
<android.view.autofill.AutofillManager: void notifyViewClicked(View)>,SINK,NEITHER
<android.view.textclassifier.TextLanguage.Request: String getCallingPackageName()>,NEITHER,NEITHER
<android.view.textclassifier.ConversationActions: List getConversationActions()>,NEITHER,NEITHER
<android.view.textclassifier.TextClassifier.EntityConfig: int describeContents()>,NEITHER,NEITHER
<android.media.audiofx.DynamicsProcessing.Limiter: float getThreshold()>,NEITHER,NEITHER
<android.webkit.TracingConfig: int getTracingMode()>,NEITHER,NEITHER
<android.view.textclassifier.TextClassifierEvent: int describeContents()>,NEITHER,NEITHER
<android.net.wifi.rtt.ResponderLocation: double getLongitude()>,SOURCE,SOURCE
<android.net.wifi.p2p.WifiP2pConfig.Builder: WifiP2pConfig build()>,SOURCE,NEITHER
<android.icu.text.DecimalFormatSymbols: String getDecimalSeparatorString()>,NEITHER,NEITHER
<android.content.pm.PackageInstaller.SessionInfo: int getInstallLocation()>,NEITHER,NEITHER
<android.media.MediaSession2.Builder: MediaSession2.Builder setSessionActivity(PendingIntent)>,SINK,NEITHER
<android.media.MediaPlayer: void clearOnSubtitleDataListener()>,NEITHER,NEITHER
<android.service.notification.ZenPolicy: int getPriorityCategoryMedia()>,NEITHER,NEITHER
<android.telecom.Connection.RttTextStream: String readImmediately()>,SOURCE,SOURCE
"<android.media.audiofx.DynamicsProcessing.Config: void setPreEqByChannelIndex(int,DynamicsProcessing.Eq)>",NEITHER,NEITHER
<android.app.admin.DevicePolicyManager: CharSequence getEndUserSessionMessage(ComponentName)>,NEITHER,NEITHER
<android.view.textclassifier.TextClassifierEvent.TextSelectionEvent.Builder: TextClassifierEvent.TextSelectionEvent.Builder setRelativeSuggestedWordEndIndex(int)>,NEITHER,NEITHER
<android.net.wifi.WifiInfo: String getPasspointFqdn()>,SOURCE,SOURCE
<android.icu.text.BidiRun: byte getDirection()>,NEITHER,NEITHER
<android.view.textclassifier.ConversationActions.Request.Builder: ConversationActions.Request.Builder setTypeConfig(TextClassifier.EntityConfig)>,NEITHER,NEITHER
<android.graphics.RecordingCanvas: void drawRenderNode(RenderNode)>,NEITHER,NEITHER
<android.telephony.CellIdentityTdscdma: int getCid()>,SOURCE,SOURCE
<android.media.MediaCodecInfo.VideoCapabilities.PerformancePoint: boolean covers(MediaFormat)>,NEITHER,NEITHER
"<android.media.MediaRecorder: void addOnRoutingChangedListener(AudioRouting.OnRoutingChangedListener,Handler)>",NEITHER,NEITHER
<android.telephony.CellIdentityNr: int getNrarfcn()>,SOURCE,SOURCE
"<android.view.SurfaceControl.Transaction: SurfaceControl.Transaction setBufferSize(SurfaceControl,int,int)>",NEITHER,NEITHER
"<android.telecom.CallRedirectionService: void redirectCall(Uri,PhoneAccountHandle,boolean)>",NEITHER,NEITHER
<android.media.MediaSession2.ControllerInfo: int getUid()>,NEITHER,SOURCE
<android.net.SocketKeepalive.Callback: void onError(int)>,NEITHER,NEITHER
<android.media.audiofx.DynamicsProcessing.Channel: DynamicsProcessing.EqBand getPreEqBand(int)>,NEITHER,NEITHER
<android.telecom.VideoProfile.CameraCapabilities: float getMaxZoom()>,NEITHER,NEITHER
<android.graphics.RenderNode: boolean setTranslationY(float)>,NEITHER,NEITHER
"<android.service.voice.VoiceInteractionSession: void requestDirectActions(VoiceInteractionSession.ActivityId,CancellationSignal,Executor,Consumer)>",NEITHER,NEITHER
<android.icu.text.DecimalFormatSymbols: void setMonetaryGroupingSeparatorString(String)>,NEITHER,NEITHER
<android.service.notification.ZenPolicy: int hashCode()>,NEITHER,NEITHER
<android.widget.AbsSeekBar: BlendMode getThumbTintBlendMode()>,NEITHER,NEITHER
<android.telephony.CellSignalStrengthTdscdma: int getLevel()>,SOURCE,SOURCE
<android.icu.text.Edits: void reset()>,NEITHER,NEITHER
<android.graphics.drawable.Icon: Uri getUri()>,NEITHER,NEITHER
<android.telephony.AvailableNetworkInfo: List getBands()>,SOURCE,SOURCE
<android.graphics.Insets: String toString()>,NEITHER,NEITHER
"<android.telephony.mbms.StreamingServiceInfo: void writeToParcel(Parcel,int)>",NEITHER,NEITHER
"<android.media.MediaFormat: long getLong(String,long)>",NEITHER,NEITHER
<android.net.MacAddress: int getAddressType()>,SOURCE,SOURCE
"<android.hardware.biometrics.BiometricPrompt: void authenticate(BiometricPrompt.CryptoObject,CancellationSignal,Executor,BiometricPrompt.AuthenticationCallback)>",NEITHER,NEITHER
"<android.hardware.camera2.CameraCaptureSession: int setSingleRepeatingRequest(CaptureRequest,Executor,CameraCaptureSession.CaptureCallback)>",NEITHER,NEITHER
<android.graphics.fonts.FontFamily.Builder: FontFamily.Builder addFont(Font)>,NEITHER,NEITHER
"<android.icu.text.Transliterator: String getDisplayName(String,ULocale)>",NEITHER,NEITHER
<android.media.MediaCodecInfo: String getCanonicalName()>,NEITHER,NEITHER
<android.app.slice.SliceItem: PendingIntent getAction()>,SOURCE,NEITHER
<android.app.slice.SliceItem: CharSequence getText()>,NEITHER,NEITHER
"<android.icu.text.Bidi: boolean requiresBidi(char,int,int)>",NEITHER,NEITHER
<android.bluetooth.BluetoothHidDeviceAppSdpSettings: String getName()>,NEITHER,SOURCE
<android.net.wifi.rtt.RangingResult: MacAddress getMacAddress()>,SOURCE,SOURCE
<android.telephony.UiccCardInfo: String getIccId()>,SOURCE,SOURCE
"<android.graphics.text.LineBreaker.ParagraphConstraints: void setTabStops(float,float)>",NEITHER,NEITHER
<android.telephony.data.ApnSetting: int getNetworkTypeBitmask()>,NEITHER,SOURCE
"<android.net.DnsResolver: void rawQuery(Network,String,int,int,int,Executor,CancellationSignal,Callback)>",NEITHER,SINK
<android.graphics.drawable.ColorStateListDrawable: void draw(Canvas)>,NEITHER,NEITHER
"<android.media.MediaDrm: void setOnSessionLostStateListener(MediaDrm.OnSessionLostStateListener,Handler)>",NEITHER,NEITHER
<android.graphics.fonts.Font: int hashCode()>,NEITHER,NEITHER
<android.media.MicrophoneInfo: int getIndexInTheGroup()>,NEITHER,NEITHER
<android.media.Session2CommandGroup: boolean hasCommand(Session2Command)>,NEITHER,NEITHER
<android.system.StructTimespec: int compareTo(StructTimespec)>,NEITHER,NEITHER
<android.content.pm.PackageInstaller.SessionInfo: int getStagedSessionErrorCode()>,NEITHER,NEITHER
<android.telephony.data.ApnSetting.Builder: ApnSetting.Builder setMvnoType(int)>,NEITHER,NEITHER
<android.media.session.MediaSessionManager.RemoteUserInfo: int getUid()>,NEITHER,SOURCE
<android.content.res.Resources: int getAttributeSetSourceResId(AttributeSet)>,NEITHER,NEITHER
<android.icu.text.Transliterator: Transliterator getInstance(String)>,NEITHER,NEITHER
<android.app.AutomaticZenRule: void setConfigurationActivity(ComponentName)>,SINK,NEITHER
<android.text.DynamicLayout.Builder: DynamicLayout.Builder setBreakStrategy(int)>,NEITHER,NEITHER
<android.widget.EdgeEffect: BlendMode getBlendMode()>,NEITHER,NEITHER
"<android.hardware.camera2.CameraManager: void registerTorchCallback(Executor,CameraManager.TorchCallback)>",NEITHER,NEITHER
"<android.app.slice.Slice.Builder: Slice.Builder addInt(int,String,List)>",NEITHER,NEITHER
<android.se.omapi.Reader: String getName()>,NEITHER,NEITHER
<android.bluetooth.BluetoothHidDeviceAppSdpSettings: String getProvider()>,SOURCE,NEITHER
<android.database.sqlite.SQLiteCursor: void setFillWindowForwardOnly(boolean)>,NEITHER,NEITHER
<android.hardware.camera2.params.OisSample: float getXshift()>,NEITHER,NEITHER
<android.graphics.ImageDecoder: void setMemorySizePolicy(int)>,NEITHER,NEITHER
"<dalvik.system.DelegateLastClassLoader: Class loadClass(String,boolean)>",NEITHER,NEITHER
<android.net.wifi.rtt.RangingRequest: int describeContents()>,NEITHER,NEITHER
<android.media.audiofx.DynamicsProcessing.MbcBand: float getReleaseTime()>,NEITHER,NEITHER
<android.security.keystore.WrappedKeyEntry: String getTransformation()>,NEITHER,NEITHER
<android.media.MicrophoneInfo: int getId()>,SOURCE,NEITHER
<android.view.SurfaceControl: int describeContents()>,NEITHER,NEITHER
<android.net.ssl.SSLEngines: boolean isSupportedEngine(SSLEngine)>,NEITHER,NEITHER
<android.telephony.SubscriptionPlan: int hashCode()>,NEITHER,NEITHER
<android.service.autofill.CustomDescription: int describeContents()>,NEITHER,NEITHER
<android.graphics.ImageDecoder: boolean isMimeTypeSupported(String)>,SOURCE,NEITHER
<android.os.Build.Partition: int hashCode()>,NEITHER,NEITHER
<android.view.textclassifier.SelectionEvent: String getPackageName()>,NEITHER,NEITHER
<android.telephony.TelephonyManager: int getCardIdForDefaultEuicc()>,NEITHER,SOURCE
<android.view.textclassifier.SelectionEvent: int getEventIndex()>,NEITHER,NEITHER
<android.graphics.drawable.GradientDrawable: int getInnerRadius()>,NEITHER,NEITHER
<android.view.textclassifier.TextClassification: int describeContents()>,NEITHER,NEITHER
<android.icu.text.Bidi: void setReorderingOptions(int)>,NEITHER,NEITHER
<android.widget.TextView: int getLastBaselineToBottomHeight()>,NEITHER,NEITHER
"<android.view.contentcapture.ContentCaptureSession: void notifyViewTextChanged(AutofillId,CharSequence)>",SINK,NEITHER
<android.icu.text.CaseMap: CaseMap.Lower toLower()>,NEITHER,NEITHER
<android.telephony.mbms.FileServiceInfo: List getFiles()>,SOURCE,SOURCE
"<android.system.Os: long sendfile(FileDescriptor,FileDescriptor,Int64Ref,long)>",SINK,SINK
"<android.app.slice.Slice.Builder: Slice.Builder addSubSlice(Slice,String)>",NEITHER,NEITHER
<android.media.AudioAttributes: boolean areHapticChannelsMuted()>,NEITHER,NEITHER
<android.media.MediaSession2Service.MediaNotification: Notification getNotification()>,SOURCE,NEITHER
<android.net.IpSecTransform.Builder: IpSecTransform.Builder setEncryption(IpSecAlgorithm)>,NEITHER,NEITHER
<android.telephony.data.ApnSetting.Builder: ApnSetting.Builder setProxyPort(int)>,NEITHER,NEITHER
<android.widget.ProgressBar: BlendMode getProgressBackgroundTintBlendMode()>,NEITHER,NEITHER
<android.app.Activity: void onTopResumedActivityChanged(boolean)>,NEITHER,NEITHER
<android.widget.Magnifier.Builder: Magnifier build()>,NEITHER,NEITHER
"<android.service.autofill.DateTransformation: void writeToParcel(Parcel,int)>",NEITHER,NEITHER
<android.media.AudioTrack: PersistableBundle getMetrics()>,SOURCE,SOURCE
<android.text.style.QuoteSpan: int getGapWidth()>,NEITHER,NEITHER
<android.net.wifi.rtt.ResponderLocation: double getAltitudeUncertainty()>,NEITHER,SOURCE
"<android.view.textclassifier.TextClassificationContext: void writeToParcel(Parcel,int)>",NEITHER,NEITHER
"<android.view.textclassifier.TextLinks: int apply(Spannable,int,Function)>",NEITHER,NEITHER
<android.hardware.camera2.CameraCharacteristics: RecommendedStreamConfigurationMap getRecommendedStreamConfigurationMap(int)>,NEITHER,NEITHER
<android.content.pm.PackageInstaller.SessionInfo: UserHandle getUser()>,NEITHER,SOURCE
<android.net.wifi.WifiManager: int getMaxNumberOfNetworkSuggestionsPerApp()>,SOURCE,NEITHER
<android.widget.Magnifier: Point getPosition()>,NEITHER,NEITHER
<android.telephony.mbms.ServiceInfo: String getServiceId()>,SOURCE,SOURCE
<android.media.audiofx.DynamicsProcessing.Channel: DynamicsProcessing.Limiter getLimiter()>,NEITHER,NEITHER
"<android.app.slice.SliceProvider: Uri insert(Uri,ContentValues)>",NEITHER,NEITHER
<android.graphics.text.MeasuredText.Builder: MeasuredText.Builder setComputeHyphenation(boolean)>,NEITHER,NEITHER
<android.icu.text.Edits.Iterator: int replacementIndex()>,NEITHER,NEITHER
<android.app.slice.Slice: List getItems()>,NEITHER,NEITHER
<android.view.accessibility.AccessibilityNodeInfo.TouchDelegateInfo: AccessibilityNodeInfo getTargetForRegion(Region)>,NEITHER,NEITHER
<android.view.textclassifier.TextLinks.TextLinkSpan: TextLinks.TextLink getTextLink()>,NEITHER,NEITHER
<android.view.textclassifier.TextLanguage: float getConfidenceScore(ULocale)>,NEITHER,NEITHER
<android.widget.ProgressBar: int getMinWidth()>,NEITHER,NEITHER
"<android.content.Context: boolean bindIsolatedService(Intent,int,String,Executor,ServiceConnection)>",SINK,NEITHER
"<android.os.Trace: void beginAsyncSection(String,int)>",NEITHER,NEITHER
<android.net.wifi.aware.WifiAwareNetworkInfo: String toString()>,NEITHER,SOURCE
<android.telephony.MbmsDownloadSession: void close()>,NEITHER,NEITHER
<android.widget.ProgressBar: void setProgressBackgroundTintBlendMode(BlendMode)>,NEITHER,NEITHER
"<android.net.IpSecManager: void applyTransportModeTransform(Socket,int,IpSecTransform)>",NEITHER,NEITHER
<android.view.View: void setVerticalScrollbarTrackDrawable(Drawable)>,NEITHER,NEITHER
<android.media.audiofx.DynamicsProcessing.MbcBand: void setThreshold(float)>,NEITHER,NEITHER
"<android.telephony.mbms.DownloadRequest: void writeToParcel(Parcel,int)>",NEITHER,NEITHER
<android.telephony.emergency.EmergencyNumber: List getEmergencyNumberSources()>,NEITHER,NEITHER
<android.view.textclassifier.TextClassificationContext.Builder: TextClassificationContext.Builder setWidgetVersion(String)>,NEITHER,NEITHER
<android.telephony.euicc.DownloadableSubscription: int describeContents()>,NEITHER,NEITHER
"<android.media.RingtoneManager: AssetFileDescriptor openDefaultRingtoneUri(Context,Uri)>",NEITHER,SOURCE
<android.icu.text.DecimalFormatSymbols: String getPercentString()>,NEITHER,NEITHER
<android.graphics.RenderNode: float getRotationY()>,NEITHER,NEITHER
<android.graphics.RenderNode: boolean setOutline(Outline)>,NEITHER,NEITHER
<android.app.slice.SliceProvider: String getType(Uri)>,NEITHER,NEITHER
<android.telecom.PhoneAccountSuggestion: int describeContents()>,NEITHER,NEITHER
<android.telephony.NetworkScanRequest: ArrayList getPlmns()>,SOURCE,SOURCE
<android.os.SharedMemory: void unmap(ByteBuffer)>,NEITHER,NEITHER
<android.nfc.cardemulation.CardEmulation: boolean unsetOffHostForService(ComponentName)>,NEITHER,NEITHER
<android.os.SharedMemory: int describeContents()>,NEITHER,NEITHER
<android.view.contentcapture.DataRemovalRequest.LocusIdRequest: int getFlags()>,NEITHER,NEITHER
"<android.app.AppOpsManager: int unsafeCheckOpNoThrow(String,int,String)>",NEITHER,NEITHER
<android.widget.ScrollView: int getTopEdgeEffectColor()>,NEITHER,NEITHER
<android.media.audiofx.DynamicsProcessing.Config: int getMbcBandCount()>,NEITHER,NEITHER
<android.hardware.camera2.params.OutputConfiguration: int getMaxSharedSurfaceCount()>,NEITHER,NEITHER
<android.net.wifi.rtt.RangingRequest: int getMaxPeers()>,SOURCE,NEITHER
<android.view.accessibility.AccessibilityManager: boolean isAccessibilityButtonSupported()>,NEITHER,NEITHER
<android.app.admin.DevicePolicyManager: String getGlobalPrivateDnsHost(ComponentName)>,SOURCE,NEITHER
<android.view.textclassifier.TextSelection.Builder: TextSelection.Builder setId(String)>,NEITHER,NEITHER
<android.content.pm.SigningInfo: boolean hasMultipleSigners()>,NEITHER,NEITHER
<android.view.autofill.AutofillManager: String getDefaultFieldClassificationAlgorithm()>,NEITHER,NEITHER
<android.icu.text.Bidi: int countRuns()>,NEITHER,NEITHER
<android.graphics.Picture: boolean requiresHardwareAcceleration()>,NEITHER,NEITHER
<android.hardware.camera2.params.MandatoryStreamCombination: CharSequence getDescription()>,NEITHER,NEITHER
<android.bluetooth.BluetoothAdapter: BluetoothServerSocket listenUsingInsecureL2capChannel()>,SOURCE,NEITHER
<android.media.MediaSession2Service: void removeSession(MediaSession2)>,NEITHER,NEITHER
"<android.telephony.SmsManager: String createAppSpecificSmsTokenWithPackageInfo(String,PendingIntent)>",NEITHER,NEITHER
<android.media.Session2Token: Bundle getExtras()>,NEITHER,NEITHER
<android.graphics.Paint: float getUnderlinePosition()>,NEITHER,NEITHER
<android.view.textclassifier.TextClassification.Request.Builder: TextClassification.Request.Builder setReferenceTime(ZonedDateTime)>,NEITHER,NEITHER
<android.text.style.TypefaceSpan: Typeface getTypeface()>,NEITHER,NEITHER
<android.content.pm.PackageInstaller.Session: boolean isMultiPackage()>,NEITHER,NEITHER
"<android.media.audiofx.DynamicsProcessing.Config.Builder: DynamicsProcessing.Config.Builder setPreEqByChannelIndex(int,DynamicsProcessing.Eq)>",NEITHER,NEITHER
<android.app.NotificationChannel: boolean hasUserSetImportance()>,NEITHER,NEITHER
<android.telecom.Call.RttCall: String readImmediately()>,SOURCE,SOURCE
<android.media.audiofx.DynamicsProcessing.Config: DynamicsProcessing.Channel getChannelByChannelIndex(int)>,NEITHER,NEITHER
<android.content.pm.SigningInfo: int describeContents()>,NEITHER,NEITHER
"<android.app.admin.DeviceAdminReceiver: void onTransferOwnershipComplete(Context,PersistableBundle)>",NEITHER,NEITHER
<android.icu.text.Bidi: BidiClassifier getCustomClassifier()>,NEITHER,NEITHER
<android.security.AttestedKeyPair: List getAttestationRecord()>,NEITHER,SOURCE
<android.view.textclassifier.TextClassifierEvent: String getModelName()>,NEITHER,NEITHER
<android.media.audiofx.DynamicsProcessing: void setPreEqAllChannelsTo(DynamicsProcessing.Eq)>,NEITHER,NEITHER
<android.telephony.euicc.EuiccInfo: String getOsVersion()>,NEITHER,SOURCE
"<android.provider.MediaStore: String getVersion(Context,String)>",NEITHER,NEITHER
<android.graphics.text.MeasuredText: float getCharWidthAt(int)>,NEITHER,NEITHER
<android.os.Environment: boolean isExternalStorageLegacy(File)>,SOURCE,NEITHER
"<android.view.autofill.AutofillManager: void notifyViewClicked(View,int)>",NEITHER,NEITHER
"<android.os.FileUtils: long copy(InputStream,OutputStream,CancellationSignal,Executor,FileUtils.ProgressListener)>",SINK,SINK
"<android.service.autofill.SaveInfo.Builder: SaveInfo.Builder addSanitizer(Sanitizer,AutofillId)>",NEITHER,NEITHER
<android.telephony.NetworkScanRequest: int hashCode()>,NEITHER,NEITHER
<android.net.wifi.rtt.ResponderLocation: Uri getMapImageUri()>,SOURCE,SOURCE
<android.media.MediaCodecInfo.VideoCapabilities: List getSupportedPerformancePoints()>,NEITHER,NEITHER
"<android.telephony.MbmsGroupCallSession: MbmsGroupCallSession create(Context,Executor,MbmsGroupCallSessionCallback)>",SOURCE,SOURCE
<android.telephony.TelephonyScanManager.NetworkScanCallback: void onResults(List)>,SINK,SOURCE
<android.location.GnssClock: boolean hasElapsedRealtimeNanos()>,NEITHER,NEITHER
<android.media.audiofx.DynamicsProcessing.Channel: DynamicsProcessing.EqBand getPostEqBand(int)>,NEITHER,NEITHER
"<android.app.Person: void writeToParcel(Parcel,int)>",NEITHER,NEITHER
<android.media.AudioRecord: boolean setPreferredMicrophoneDirection(int)>,NEITHER,NEITHER
<android.telephony.SubscriptionManager: ParcelUuid createSubscriptionGroup(List)>,NEITHER,SOURCE
<android.media.Session2CommandGroup.Builder: Session2CommandGroup.Builder removeCommand(Session2Command)>,NEITHER,NEITHER
<android.graphics.RenderNode: RecordingCanvas beginRecording()>,NEITHER,SOURCE
<android.icu.text.DecimalFormatSymbols: String getPlusSignString()>,NEITHER,NEITHER
<android.os.FileUtils: void closeQuietly(AutoCloseable)>,NEITHER,NEITHER
<android.view.textclassifier.TextLanguage.Request.Builder: TextLanguage.Request build()>,NEITHER,NEITHER
<android.security.ConfirmationPrompt.Builder: ConfirmationPrompt.Builder setPromptText(CharSequence)>,SINK,NEITHER
<android.service.autofill.FillEventHistory.Event: Map getManuallyEnteredField()>,NEITHER,NEITHER
<android.graphics.drawable.AnimatedImageDrawable: int getAlpha()>,NEITHER,NEITHER
<android.telephony.mbms.DownloadRequest: boolean equals(Object)>,NEITHER,NEITHER
<android.app.admin.FreezePeriod: MonthDay getEnd()>,NEITHER,NEITHER
<android.media.MediaMetadataRetriever: Bitmap getPrimaryImage(MediaMetadataRetriever.BitmapParams)>,SOURCE,SOURCE
<android.view.textclassifier.ConversationActions.Request.Builder: ConversationActions.Request.Builder setMaxSuggestions(int)>,NEITHER,NEITHER
<android.view.contentcapture.DataRemovalRequest: String getPackageName()>,NEITHER,NEITHER
<android.app.admin.DevicePolicyManager: PersistableBundle getTransferOwnershipBundle()>,NEITHER,SOURCE
<android.view.View: boolean isScreenReaderFocusable()>,NEITHER,NEITHER
<android.app.UiAutomation: void adoptShellPermissionIdentity()>,NEITHER,NEITHER
<android.se.omapi.Channel: void close()>,NEITHER,NEITHER
<android.graphics.fonts.Font.Builder: void setWeight()>,NEITHER,NEITHER
<android.telecom.TelecomManager: String getSystemDialerPackage()>,NEITHER,NEITHER
<android.media.MediaMetadataRetriever: Bitmap getPrimaryImage()>,SOURCE,SOURCE
"<android.media.session.MediaController.PlaybackInfo: void writeToParcel(Parcel,int)>",NEITHER,NEITHER
<android.widget.ProgressBar: BlendMode getIndeterminateTintBlendMode()>,NEITHER,NEITHER
<android.widget.AbsListView: int getBottomEdgeEffectColor()>,NEITHER,NEITHER
<android.graphics.RenderNode: boolean setSpotShadowColor(int)>,NEITHER,NEITHER
<android.telephony.emergency.EmergencyNumber: boolean isInEmergencyServiceCategories(int)>,NEITHER,NEITHER
<android.service.autofill.CustomDescription: String toString()>,NEITHER,NEITHER
"<android.database.sqlite.SQLiteQueryBuilder: int update(SQLiteDatabase,ContentValues,String,String)>",SINK,SINK
"<android.service.autofill.CustomDescription.Builder: CustomDescription.Builder batchUpdate(Validator,BatchUpdates)>",NEITHER,NEITHER
<android.se.omapi.Session: boolean isClosed()>,NEITHER,NEITHER
<android.view.accessibility.AccessibilityNodeInfo: void setTouchDelegateInfo(AccessibilityNodeInfo.TouchDelegateInfo)>,NEITHER,NEITHER
<android.app.slice.SliceMetrics: void logHidden()>,NEITHER,NEITHER
"<android.media.MediaCas.Session: void sendSessionEvent(int,int,byte)>",NEITHER,SINK
<android.app.DirectAction: boolean equals(Object)>,NEITHER,NEITHER
<android.view.textclassifier.TextClassifier.EntityConfig.Builder: TextClassifier.EntityConfig.Builder setExcludedTypes(Collection)>,NEITHER,NEITHER
<android.media.AudioFormat: int getFrameSizeInBytes()>,SOURCE,NEITHER
"<android.icu.text.Transliterator: void transliterate(Replaceable,Transliterator.Position)>",NEITHER,NEITHER
<android.view.contentcapture.ContentCaptureContext: ContentCaptureContext forLocusId(String)>,NEITHER,NEITHER
<android.view.textclassifier.TextClassificationContext.Builder: TextClassificationContext build()>,NEITHER,NEITHER
<android.widget.Magnifier.Builder: Magnifier.Builder setInitialZoom(float)>,NEITHER,NEITHER
<android.icu.util.LocaleData: VersionInfo getCLDRVersion()>,NEITHER,SOURCE
<android.icu.text.CaseMap.Title: CaseMap.Title omitUnchangedText()>,NEITHER,NEITHER
<android.telephony.UiccCardInfo: int getSlotIndex()>,NEITHER,SOURCE
<android.net.wifi.WifiNetworkSpecifier: String toString()>,NEITHER,SOURCE
<android.graphics.text.LineBreaker.Result: int getLineBreakOffset(int)>,NEITHER,NEITHER
<android.app.Notification.BubbleMetadata.Builder: Notification.BubbleMetadata.Builder setDesiredHeightResId(int)>,NEITHER,NEITHER
"<android.icu.text.CaseMap.Lower: String apply(Locale,CharSequence)>",NEITHER,NEITHER
<android.os.Binder: int getCallingUidOrThrow()>,NEITHER,SOURCE
<android.graphics.Canvas: void drawColor(long)>,NEITHER,NEITHER
"<android.graphics.Paint: void getTextBounds(CharSequence,int,int,Rect)>",NEITHER,NEITHER
"<android.graphics.Insets: Insets max(Insets,Insets)>",NEITHER,NEITHER
<android.graphics.drawable.ColorStateListDrawable: Drawable mutate()>,NEITHER,NEITHER
<android.app.job.JobParameters: Network getNetwork()>,SOURCE,SOURCE
<android.graphics.RenderNode: int getTop()>,NEITHER,NEITHER
<android.service.autofill.SaveInfo.Builder: SaveInfo.Builder setValidator(Validator)>,NEITHER,NEITHER
<android.net.wifi.rtt.WifiRttManager: boolean isAvailable()>,SOURCE,NEITHER
<android.content.pm.PackageManager: void addWhitelistedRestrictedPermission()>,NEITHER,NEITHER
<android.view.textclassifier.TextSelection.Request.Builder: TextSelection.Request.Builder setDefaultLocales(LocaleList)>,NEITHER,NEITHER
<android.app.Person: int describeContents()>,NEITHER,SOURCE
<android.telephony.mbms.StreamingServiceInfo: int describeContents()>,NEITHER,SOURCE
"<android.telephony.SmsManager: void sendTextMessageWithoutPersisting(String,String,String,PendingIntent,PendingIntent)>",SINK,SINK
<android.media.audiofx.DynamicsProcessing.Limiter: void setThreshold(float)>,NEITHER,NEITHER
<android.graphics.ImageDecoder: void setAllocator(int)>,NEITHER,NEITHER
<android.app.slice.SliceItem: int getInt()>,NEITHER,NEITHER
<android.media.MediaSession2: String getId()>,NEITHER,NEITHER
<android.graphics.Paint: void setWordSpacing(float)>,NEITHER,NEITHER
<android.location.Location: boolean hasElapsedRealtimeUncertaintyNanos()>,SOURCE,NEITHER
"<android.app.admin.DevicePolicyManager: boolean removeOverrideApn(ComponentName,int)>",NEITHER,NEITHER
<android.graphics.ImageDecoder: ImageDecoder.OnPartialImageListener getOnPartialImageListener()>,NEITHER,NEITHER
"<android.hardware.biometrics.BiometricPrompt.AuthenticationCallback: void onAuthenticationError(int,CharSequence)>",NEITHER,NEITHER
<android.app.Activity: void setInheritShowWhenLocked(boolean)>,NEITHER,NEITHER
"<android.telephony.mbms.StreamingServiceCallback: void onError(int,String)>",NEITHER,NEITHER
<android.app.RemoteInput: int getResultsSource(Intent)>,NEITHER,NEITHER
"<android.app.usage.UsageStatsManager: List queryEventStats(int,long,long)>",SOURCE,SOURCE
<android.hardware.camera2.params.MandatoryStreamCombination.MandatoryStreamInformation: boolean isInput()>,NEITHER,NEITHER
<android.view.textclassifier.ConversationAction: CharSequence getTextReply()>,NEITHER,SOURCE
<android.media.AudioPresentation: int getMasteringIndication()>,NEITHER,NEITHER
<android.media.AudioAttributes.Builder: AudioAttributes.Builder setAllowedCapturePolicy(int)>,NEITHER,NEITHER
<android.graphics.RenderNode: float getCameraDistance()>,NEITHER,SOURCE
<android.graphics.drawable.ColorStateListDrawable: void clearAlpha()>,NEITHER,NEITHER
<android.icu.text.CaseMap: CaseMap omitUnchangedText()>,NEITHER,NEITHER
<android.telephony.CellSignalStrengthNr: int describeContents()>,NEITHER,NEITHER
<android.app.WallpaperColors: WallpaperColors fromDrawable(Drawable)>,NEITHER,NEITHER
<android.app.Person: String getKey()>,NEITHER,NEITHER
<android.telephony.data.ApnSetting: int getProxyPort()>,SOURCE,SOURCE
"<android.telephony.mbms.GroupCall: void updateGroupCall(List,List)>",NEITHER,SINK
<android.service.autofill.FieldClassification: List getMatches()>,NEITHER,NEITHER
<android.graphics.RenderNode: boolean setPivotX(float)>,NEITHER,NEITHER
<android.media.audiofx.DynamicsProcessing.Config: void setPreEqAllChannelsTo(DynamicsProcessing.Eq)>,NEITHER,NEITHER
<android.hardware.camera2.params.OutputConfiguration: void removeSurface(Surface)>,NEITHER,NEITHER
<android.service.autofill.CharSequenceTransformation: int describeContents()>,NEITHER,NEITHER
<android.view.textclassifier.TextLinks.Builder: TextLinks.Builder setExtras(Bundle)>,NEITHER,NEITHER
"<android.icu.text.Edits: void addReplace(int,int)>",NEITHER,NEITHER
<android.widget.Magnifier.Builder: Magnifier.Builder setOverlay(Drawable)>,NEITHER,NEITHER
"<android.app.admin.DevicePolicyManager: void setCrossProfileCalendarPackages(ComponentName,Set)>",NEITHER,NEITHER
<android.view.textclassifier.TextClassifierEvent.LanguageDetectionEvent.Builder: TextClassifierEvent.LanguageDetectionEvent build()>,NEITHER,NEITHER
<android.service.autofill.RegexValidator: int describeContents()>,NEITHER,NEITHER
<android.telephony.TelephonyManager: boolean isDataRoamingEnabled()>,SOURCE,SOURCE
<android.view.textclassifier.TextClassifierEvent.TextSelectionEvent: int getRelativeWordEndIndex()>,NEITHER,NEITHER
<android.graphics.Typeface.CustomFallbackBuilder: Typeface.CustomFallbackBuilder addCustomFallback(FontFamily)>,NEITHER,NEITHER
<android.net.wifi.WifiNetworkSuggestion.Builder: WifiNetworkSuggestion.Builder setSsid(String)>,NEITHER,NEITHER
<android.security.keystore.KeyGenParameterSpec: boolean isUnlockedDeviceRequired()>,NEITHER,NEITHER
<android.media.MediaExtractor.CasInfo: byte getPrivateData()>,NEITHER,SOURCE
<android.graphics.drawable.ColorStateListDrawable: void setTintList(ColorStateList)>,NEITHER,NEITHER
"<android.icu.text.Transliterator: Transliterator getInstance(String,int)>",NEITHER,NEITHER
<android.widget.AutoCompleteTextView: void refreshAutoCompleteResults()>,NEITHER,NEITHER
<android.media.Session2CommandGroup.Builder: Session2CommandGroup build()>,NEITHER,NEITHER
<android.webkit.SafeBrowsingResponse: void proceed(boolean)>,NEITHER,NEITHER
<android.widget.ProgressBar: BlendMode getSecondaryProgressTintBlendMode()>,NEITHER,NEITHER
<android.telephony.data.ApnSetting: String getMmsProxyAddressAsString()>,SOURCE,SOURCE
"<android.telephony.CellSignalStrengthTdscdma: void writeToParcel(Parcel,int)>",NEITHER,NEITHER
"<android.app.admin.DevicePolicyManager: AttestedKeyPair generateKeyPair(ComponentName,String,KeyGenParameterSpec,int)>",NEITHER,NEITHER
<android.icu.text.BidiRun: int getLength()>,NEITHER,NEITHER
<android.view.SurfaceControl.Builder: SurfaceControl build()>,NEITHER,NEITHER
<android.app.slice.SliceItem: int describeContents()>,NEITHER,NEITHER
"<android.telecom.PhoneAccountSuggestion: void writeToParcel(Parcel,int)>",NEITHER,NEITHER
<android.graphics.text.LineBreaker.ParagraphConstraints: int getFirstWidthLineCount()>,NEITHER,NEITHER
<android.graphics.drawable.GradientDrawable: void setTintBlendMode(BlendMode)>,NEITHER,NEITHER
<android.telecom.Conference: void setConnectionStartElapsedRealTime(long)>,NEITHER,NEITHER
"<android.view.textclassifier.TextLinks.Builder: TextLinks.Builder addLink(int,int,Map,Bundle)>",NEITHER,NEITHER
<android.webkit.TracingConfig.Builder: TracingConfig build()>,NEITHER,NEITHER
<android.net.MacAddress: int describeContents()>,NEITHER,SOURCE
<android.media.AudioPlaybackCaptureConfiguration: MediaProjection getMediaProjection()>,NEITHER,SOURCE
<android.view.textclassifier.SelectionEvent: String getEntityType()>,NEITHER,NEITHER
"<android.view.textclassifier.SelectionEvent: SelectionEvent createSelectionModifiedEvent(int,int)>",NEITHER,NEITHER
<android.app.job.JobInfo: long getEstimatedNetworkUploadBytes()>,SOURCE,SOURCE
<android.graphics.drawable.AnimatedImageDrawable: void draw(Canvas)>,NEITHER,NEITHER
<android.media.AudioPlaybackCaptureConfiguration.Builder: AudioPlaybackCaptureConfiguration.Builder excludeUid(int)>,NEITHER,NEITHER
<android.graphics.text.LineBreaker.Result: int getStartLineHyphenEdit(int)>,NEITHER,NEITHER
<android.net.wifi.WifiNetworkSuggestion.Builder: WifiNetworkSuggestion.Builder setPriority(int)>,NEITHER,NEITHER
<android.media.audiofx.DynamicsProcessing: DynamicsProcessing.Eq getPreEqByChannelIndex(int)>,NEITHER,NEITHER
<android.graphics.Typeface.CustomFallbackBuilder: Typeface.CustomFallbackBuilder setSystemFallback(String)>,NEITHER,NEITHER
<javax.net.ssl.SSLEngine: void setHandshakeApplicationProtocolSelector(BiFunction)>,NEITHER,NEITHER
<android.media.audiofx.DynamicsProcessing.MbcBand: void setKneeWidth(float)>,NEITHER,NEITHER
<android.widget.Magnifier: void update()>,NEITHER,NEITHER
<android.view.accessibility.AccessibilityRecord: void setScrollDeltaY(int)>,NEITHER,NEITHER
<android.text.PrecomputedText.Params: int getHyphenationFrequency()>,NEITHER,NEITHER
"<android.text.util.Linkify: boolean addLinks(Spannable,Pattern,String,String,Linkify.MatchFilter,Linkify.TransformFilter,Function)>",NEITHER,NEITHER
<android.media.audiofx.DynamicsProcessing.MbcBand: void setAttackTime(float)>,NEITHER,NEITHER
<android.view.ViewStructure: void setImportantForAutofill(int)>,NEITHER,NEITHER
<android.app.slice.SliceProvider: void onSlicePinned(Uri)>,NEITHER,NEITHER
"<android.database.CursorWrapper: void setNotificationUris(ContentResolver,List)>",NEITHER,NEITHER
<android.service.autofill.FieldClassification.Match: String getCategoryId()>,NEITHER,NEITHER
<android.os.storage.StorageManager: StorageVolume getStorageVolume(Uri)>,NEITHER,SOURCE
<android.view.textclassifier.TextLinks: int describeContents()>,NEITHER,NEITHER
<android.telephony.CellInfoNr: CellSignalStrength getCellSignalStrength()>,SOURCE,SOURCE
<android.graphics.RenderNode: boolean hasShadow()>,NEITHER,NEITHER
<android.service.notification.ZenPolicy: int getPriorityCategoryMessages()>,NEITHER,NEITHER
<android.media.session.MediaSession.Callback: void onSetPlaybackSpeed(float)>,NEITHER,NEITHER
<android.media.AudioRecord: boolean setPreferredMicrophoneFieldDimension(float)>,NEITHER,NEITHER
<android.content.pm.ModuleInfo: boolean equals(Object)>,NEITHER,NEITHER
"<android.app.Instrumentation: Activity startActivitySync(Intent,Bundle)>",NEITHER,NEITHER
<android.media.Session2CommandGroup.Builder: Session2CommandGroup.Builder addCommand(Session2Command)>,NEITHER,NEITHER
<android.text.PrecomputedText: int length()>,NEITHER,NEITHER
<android.bluetooth.BluetoothHidDevice.Callback: void onVirtualCableUnplug(BluetoothDevice)>,SOURCE,NEITHER
<android.net.wifi.WifiNetworkSuggestion.Builder: WifiNetworkSuggestion.Builder setBssid(MacAddress)>,SINK,SOURCE
<android.service.notification.ZenPolicy: int getPriorityCategorySystem()>,NEITHER,NEITHER
<android.app.VoiceInteractor: boolean unregisterOnDestroyedCallback(Runnable)>,NEITHER,NEITHER
<android.content.pm.CrossProfileApps: CharSequence getProfileSwitchingLabel(UserHandle)>,NEITHER,NEITHER
<android.view.textclassifier.TextClassificationContext: String toString()>,NEITHER,NEITHER
"<android.database.sqlite.SQLiteDatabase: SQLiteDatabase openDatabase(File,SQLiteDatabase.OpenParams)>",SOURCE,SOURCE
<android.media.MediaPlayer: AudioDeviceInfo getRoutedDevice()>,SOURCE,SOURCE
"<android.graphics.HardwareRenderer: void setLightSourceAlpha(float,float)>",NEITHER,NEITHER
"<android.app.slice.SliceProvider: int update(Uri,ContentValues,String,String)>",NEITHER,NEITHER
<android.media.SubtitleData: byte getData()>,NEITHER,SOURCE
<android.graphics.drawable.AnimatedVectorDrawable: void setTintBlendMode(BlendMode)>,NEITHER,NEITHER
<android.telephony.data.ApnSetting: int getApnTypeBitmask()>,NEITHER,SOURCE
<android.app.Person: String getUri()>,NEITHER,SOURCE
"<android.app.admin.DevicePolicyManager: void clearApplicationUserData(ComponentName,String,Executor,DevicePolicyManager.OnClearApplicationUserDataListener)>",NEITHER,NEITHER
<android.icu.util.Currency: Currency fromJavaCurrency(Currency)>,NEITHER,NEITHER
<android.text.style.TextAppearanceSpan: LocaleList getTextLocales()>,NEITHER,NEITHER
"<android.telecom.ConnectionService: void onHandoverFailed(ConnectionRequest,int)>",SINK,NEITHER
"<android.graphics.drawable.GradientDrawable: void setPadding(int,int,int,int)>",NEITHER,NEITHER
<android.graphics.RenderNode: boolean setClipToOutline(boolean)>,NEITHER,NEITHER
<android.graphics.drawable.ColorStateListDrawable: int getChangingConfigurations()>,NEITHER,NEITHER
<android.os.StrictMode.VmPolicy.Builder: StrictMode.VmPolicy.Builder detectNonSdkApiUsage()>,NEITHER,NEITHER
"<android.app.UiAutomation: void grantRuntimePermissionAsUser(String,String,UserHandle)>",NEITHER,NEITHER
<android.app.VoiceInteractor: boolean isDestroyed()>,NEITHER,NEITHER
<android.graphics.drawable.ColorStateListDrawable: Drawable.ConstantState getConstantState()>,NEITHER,NEITHER
"<android.bluetooth.BluetoothHidDevice: boolean registerApp(BluetoothHidDeviceAppSdpSettings,BluetoothHidDeviceAppQosSettings,BluetoothHidDeviceAppQosSettings,Executor,BluetoothHidDevice.Callback)>",NEITHER,NEITHER
<android.media.audiofx.DynamicsProcessing.Config: DynamicsProcessing.Mbc getMbcByChannelIndex(int)>,NEITHER,NEITHER
<android.icu.text.Edits.Iterator: int destinationIndexFromSourceIndex(int)>,NEITHER,NEITHER
<android.widget.PopupWindow: void setTouchModal(boolean)>,NEITHER,NEITHER
<android.service.voice.VoiceInteractionSession: void onHandleAssist(VoiceInteractionSession.AssistState)>,NEITHER,NEITHER
<android.graphics.RenderNode: boolean setElevation(float)>,NEITHER,NEITHER
<android.media.AudioTrack: int setPresentation(AudioPresentation)>,NEITHER,NEITHER
<android.widget.TextView: void setTextSelectHandleLeft(Drawable)>,NEITHER,NEITHER
<android.view.contentcapture.DataRemovalRequest.Builder: DataRemovalRequest build()>,NEITHER,NEITHER
<android.telephony.MbmsStreamingSession: void requestUpdateStreamingServices(List)>,NEITHER,SOURCE
<android.graphics.fonts.Font.Builder: Font.Builder setTtcIndex(int)>,NEITHER,NEITHER
<android.view.textclassifier.ConversationAction: RemoteAction getAction()>,NEITHER,NEITHER
<android.service.notification.ZenPolicy: int getPriorityCategoryAlarms()>,NEITHER,NEITHER
<android.media.MediaRecorder: void unregisterAudioRecordingCallback(AudioManager.AudioRecordingCallback)>,NEITHER,NEITHER
<android.service.notification.StatusBarNotification: String getOpPkg()>,NEITHER,NEITHER
<android.view.textclassifier.SelectionEvent: String toString()>,NEITHER,NEITHER
<android.telephony.CellSignalStrengthTdscdma: int describeContents()>,NEITHER,SOURCE
<android.media.audiofx.DynamicsProcessing: void setLimiterAllChannelsTo(DynamicsProcessing.Limiter)>,NEITHER,NEITHER
<android.webkit.TracingConfig.Builder: TracingConfig.Builder addCategories(Collection)>,NEITHER,NEITHER
"<android.os.Trace: void endAsyncSection(String,int)>",NEITHER,NEITHER
<android.media.AudioPlaybackCaptureConfiguration.Builder: AudioPlaybackCaptureConfiguration build()>,NEITHER,NEITHER
<android.media.audiofx.DynamicsProcessing.MbcBand: float getAttackTime()>,NEITHER,NEITHER
"<android.telephony.SubscriptionPlan.Builder: SubscriptionPlan.Builder createNonrecurring(ZonedDateTime,ZonedDateTime)>",NEITHER,SOURCE
<android.telephony.CellInfoTdscdma: String toString()>,NEITHER,SOURCE
"<android.view.textclassifier.SelectionEvent: SelectionEvent createSelectionStartedEvent(int,int)>",NEITHER,NEITHER
<android.media.audiofx.DynamicsProcessing: void setPostEqAllChannelsTo(DynamicsProcessing.Eq)>,NEITHER,NEITHER
<android.graphics.Insets: Insets of(Rect)>,NEITHER,NEITHER
<android.view.contentcapture.ContentCaptureSession: void notifyViewDisappeared(AutofillId)>,NEITHER,NEITHER
<android.net.TrafficStats: void setThreadStatsUid(int)>,NEITHER,NEITHER
<android.net.MacAddress: MacAddress fromString(String)>,SOURCE,SOURCE
<android.icu.text.Bidi: BidiRun getParagraphByIndex(int)>,NEITHER,NEITHER
<android.telephony.data.ApnSetting: int getMmsProxyPort()>,SOURCE,SOURCE
<android.media.RingtoneManager: boolean hasHapticChannels(Uri)>,NEITHER,NEITHER
<android.media.MediaController2.ControllerCallback: void onDisconnected(MediaController2)>,NEITHER,NEITHER
<android.view.textclassifier.ConversationActions.Message: Person getAuthor()>,NEITHER,SOURCE
<android.view.textclassifier.TextClassification.Request.Builder: TextClassification.Request build()>,NEITHER,NEITHER
"<android.app.admin.DeviceAdminReceiver: void onTransferAffiliatedProfileOwnershipComplete(Context,UserHandle)>",NEITHER,NEITHER
<android.telephony.SubscriptionInfo: ParcelUuid getGroupUuid()>,NEITHER,SOURCE
"<android.media.MediaDrm: boolean isCryptoSchemeSupported(UUID,String,int)>",NEITHER,NEITHER
"<android.app.WallpaperColors: void writeToParcel(Parcel,int)>",NEITHER,NEITHER
<android.se.omapi.SEService: boolean isConnected()>,NEITHER,NEITHER
<android.text.style.BulletSpan: int getColor()>,NEITHER,NEITHER
<android.widget.TextView: void setFirstBaselineToTopHeight(int)>,NEITHER,NEITHER
<android.media.audiofx.DynamicsProcessing.MbcBand: float getPreGain()>,NEITHER,NEITHER
<android.view.DisplayCutout: int getSafeInsetLeft()>,NEITHER,NEITHER
<android.net.LinkProperties: void setMtu(int)>,NEITHER,SOURCE
<android.telephony.data.ApnSetting.Builder: ApnSetting.Builder setAuthType(int)>,NEITHER,NEITHER
"<android.database.sqlite.SQLiteQueryBuilder: int delete(SQLiteDatabase,String,String)>",NEITHER,NEITHER
"<android.view.textclassifier.TextLinks.Builder: TextLinks.Builder addLink(int,int,Map)>",NEITHER,NEITHER
"<android.telephony.MbmsDownloadSession: void addProgressListener(DownloadRequest,Executor,DownloadProgressListener)>",SINK,NEITHER
<android.media.MediaCodecInfo: boolean isHardwareAccelerated()>,NEITHER,NEITHER
"<android.media.MediaController2: Object sendSessionCommand(Session2Command,Bundle)>",NEITHER,NEITHER
<android.view.contentcapture.ContentCaptureManager: void setContentCaptureEnabled(boolean)>,NEITHER,NEITHER
<android.widget.Switch: void setThumbTintBlendMode(BlendMode)>,NEITHER,NEITHER
<android.telephony.AvailableNetworkInfo: boolean equals(Object)>,NEITHER,NEITHER
<android.telephony.RadioAccessSpecifier: int describeContents()>,NEITHER,SOURCE
"<android.app.usage.EventStats: void writeToParcel(Parcel,int)>",NEITHER,NEITHER
<android.service.autofill.UserData: int getMinValueLength()>,NEITHER,NEITHER
<android.view.View: void removeOnUnhandledKeyEventListener(View.OnUnhandledKeyEventListener)>,NEITHER,NEITHER
<android.media.MediaSession2Service: void onDestroy()>,NEITHER,NEITHER
"<android.widget.RemoteViews: void setOnClickResponse(int,RemoteViews.RemoteResponse)>",NEITHER,NEITHER
<android.widget.Magnifier: int getHeight()>,NEITHER,NEITHER
<android.view.textclassifier.ConversationAction: Bundle getExtras()>,NEITHER,NEITHER
<android.app.usage.NetworkStats.Bucket: int getDefaultNetworkStatus()>,SOURCE,SOURCE
<android.widget.TextView: boolean isAllCaps()>,NEITHER,NEITHER
<android.graphics.RenderNode: boolean setRotationZ(float)>,NEITHER,NEITHER
<android.service.voice.VoiceInteractionService: Set onGetSupportedVoiceActions(Set)>,NEITHER,NEITHER
<dalvik.system.DelegateLastClassLoader: URL getResource(String)>,NEITHER,NEITHER
<android.net.wifi.WifiManager: int removeNetworkSuggestions(List)>,NEITHER,NEITHER
<javax.net.ssl.SSLEngine: String getHandshakeApplicationProtocol()>,SOURCE,NEITHER
"<android.telephony.mbms.DownloadStatusListener: void onStatusUpdated(DownloadRequest,FileInfo,int)>",SINK,NEITHER
<android.view.contentcapture.ContentCaptureSession: void notifyViewAppeared(ViewStructure)>,NEITHER,NEITHER
<android.location.SettingInjectorService: void refreshSettings(Context)>,NEITHER,NEITHER
"<android.graphics.Paint: void setShadowLayer(float,float,float,long)>",NEITHER,NEITHER
<android.telephony.CellIdentityLte: String getMccString()>,SOURCE,SOURCE
<android.media.audiofx.DynamicsProcessing.BandStage: int getBandCount()>,NEITHER,NEITHER
<android.icu.text.Bidi: int getRunLimit(int)>,NEITHER,NEITHER
<android.os.strictmode.InstanceCountViolation: long getNumberOfInstances()>,NEITHER,NEITHER
<android.media.session.MediaSessionManager: void addOnSession2TokensChangedListener(MediaSessionManager.OnSession2TokensChangedListener)>,NEITHER,NEITHER
<android.app.Notification.MessagingStyle.Message: Person getSenderPerson()>,NEITHER,SOURCE
<android.system.StructTimeval: int hashCode()>,NEITHER,NEITHER
<android.text.style.TextAppearanceSpan: float getShadowDy()>,NEITHER,NEITHER
"<android.view.textclassifier.TextClassification.Request: void writeToParcel(Parcel,int)>",NEITHER,NEITHER
<android.graphics.RenderNode: boolean setScaleY(float)>,NEITHER,NEITHER
<android.view.ContextThemeWrapper: void setTheme(Resources.Theme)>,NEITHER,NEITHER
"<android.view.SurfaceControl.Transaction: SurfaceControl.Transaction reparent(SurfaceControl,SurfaceControl)>",NEITHER,NEITHER
<android.app.job.JobWorkItem: long getEstimatedNetworkUploadBytes()>,SOURCE,SOURCE
<android.graphics.RenderNode: boolean setPosition(Rect)>,NEITHER,NEITHER
<android.view.textclassifier.ConversationAction: float getConfidenceScore()>,NEITHER,NEITHER
<android.view.contentcapture.ContentCaptureContext: String toString()>,NEITHER,NEITHER
<android.graphics.fonts.Font: File getFile()>,NEITHER,NEITHER
<android.telephony.SubscriptionInfo: int getSubscriptionType()>,SOURCE,SOURCE
<android.graphics.HardwareRenderer: boolean isOpaque()>,NEITHER,NEITHER
"<android.media.MediaDrm: void setOnExpirationUpdateListener(Executor,MediaDrm.OnExpirationUpdateListener)>",NEITHER,NEITHER
<android.app.Notification.BubbleMetadata: int describeContents()>,NEITHER,NEITHER
<android.telephony.SubscriptionPlan: boolean equals(Object)>,NEITHER,NEITHER
<android.widget.CompoundButton: void setButtonTintBlendMode(BlendMode)>,NEITHER,NEITHER
<android.media.MediaDrm: int getOfflineLicenseState(byte)>,NEITHER,NEITHER
<android.app.Notification.Builder: Notification.Builder setLocusId(LocusId)>,NEITHER,NEITHER
<android.app.Notification.MessagingStyle: boolean isGroupConversation()>,NEITHER,NEITHER
<android.widget.HorizontalScrollView: void setRightEdgeEffectColor(int)>,NEITHER,NEITHER
"<android.media.ImageReader: ImageReader newInstance(int,int,int,int,long)>",NEITHER,SOURCE
"<android.media.audiofx.DynamicsProcessing.Config.Builder: DynamicsProcessing.Config.Builder setInputGainByChannelIndex(int,float)>",NEITHER,NEITHER
<android.widget.Toolbar: void setCollapseIcon(int)>,NEITHER,NEITHER
"<android.view.View: void saveAttributeDataForStyleable(Context,int,AttributeSet,TypedArray,int,int)>",NEITHER,NEITHER
<android.media.MediaRecorder: boolean setPreferredMicrophoneDirection(int)>,NEITHER,NEITHER
<android.telecom.Connection: void sendRttInitiationSuccess()>,NEITHER,NEITHER
<android.icu.text.Edits.Iterator: int newLength()>,NEITHER,NEITHER
